group,names,scores,logfoldchanges,pvals,pvals_adj
Ast,GPC5,173.29362,5.563709,0.0,0.0
Ast,DTNA,171.21153,4.162977,0.0,0.0
Ast,SLC1A2,170.31886,5.657032,0.0,0.0
Ast,ADGRV1,168.07307,6.1178274,0.0,0.0
Ast,GPM6A,166.7313,3.3781703,0.0,0.0
Ast,SLC1A3,159.10039,4.791134,0.0,0.0
Ast,NPAS3,158.64215,3.0608702,0.0,0.0
Ast,LSAMP,158.3067,2.5299718,0.0,0.0
Ast,CTNNA2,155.91206,3.3326292,0.0,0.0
Ast,NEAT1,154.01492,3.660896,0.0,0.0
End,NEAT1,27.25926,2.5997157,1.2907602241315556e-163,1.6240836858203855e-160
End,IFITM3,25.863134,5.355857,1.731583472633151e-147,1.6945788924957685e-144
End,MALAT1,25.668743,0.67356044,2.61191174948142e-145,2.4648051484481274e-142
End,B2M,24.35117,3.2932575,5.634195872897957e-131,4.5112835621085673e-128
End,LHFPL6,21.664286,3.0415566,4.4577201369165276e-104,2.1812285032915815e-101
End,IGFBP7,21.189648,4.6894436,1.1898505049863417e-99,5.328715236144764e-97
End,PTPRG,21.178755,2.2672188,1.499466264424725e-99,6.596548633361012e-97
End,COBLL1,19.9302,5.074745,2.2266459079386653e-88,8.1714812257588e-86
End,ARHGAP29,19.23937,4.8511896,1.7330001986783543e-82,5.584276128009531e-80
End,FLT1,18.966417,7.543792,3.23198806413415e-80,1.004692007277843e-77
Ex,RALYL,253.54556,5.1850634,0.0,0.0
Ex,KCNIP4,253.37755,4.652513,0.0,0.0
Ex,SYT1,241.78487,4.196066,0.0,0.0
Ex,KCNQ5,232.69719,4.5472417,0.0,0.0
Ex,RBFOX1,229.76915,4.137124,0.0,0.0
Ex,STXBP5L,228.70241,4.2542806,0.0,0.0
Ex,CELF2,220.92395,3.615793,0.0,0.0
Ex,PDE4D,218.63026,3.4056299,0.0,0.0
Ex,CSMD1,218.0832,3.917855,0.0,0.0
Ex,NEGR1,215.06204,3.5770802,0.0,0.0
In,CNTNAP2,147.78145,3.3405936,0.0,0.0
In,GRIP1,141.32118,4.5164895,0.0,0.0
In,ERBB4,139.25081,3.877387,0.0,0.0
In,NRXN3,131.12886,2.648378,0.0,0.0
In,KAZN,125.763405,2.9355338,0.0,0.0
In,DLGAP1,118.69537,2.843907,0.0,0.0
In,ZNF385D,116.616035,4.7940764,0.0,0.0
In,GRIK2,116.30676,3.2031977,0.0,0.0
In,CNTN5,105.59618,3.3914113,0.0,0.0
In,ROBO2,103.47688,3.1304412,0.0,0.0
Mic,PLXDC2,94.61332,4.713783,0.0,0.0
Mic,LRMDA,79.97611,5.8000817,0.0,0.0
Mic,ARHGAP24,76.43987,5.7062283,0.0,0.0
Mic,DOCK4,67.10636,2.7619581,0.0,0.0
Mic,CD74,67.06827,7.3722196,0.0,0.0
Mic,SLC1A3,66.04683,3.6622088,0.0,0.0
Mic,ST6GAL1,62.810703,5.317823,0.0,0.0
Mic,DOCK8,61.55314,7.609479,0.0,0.0
Mic,MEF2A,60.77088,3.1116283,0.0,0.0
Mic,CHST11,58.583332,4.085339,0.0,0.0
Oli,PLP1,262.17233,5.521699,0.0,0.0
Oli,MBP,243.41512,4.558459,0.0,0.0
Oli,CTNNA3,240.93517,4.305933,0.0,0.0
Oli,ST18,238.69557,5.469664,0.0,0.0
Oli,IL1RAPL1,234.1891,2.6759815,0.0,0.0
Oli,SLC44A1,231.71391,3.890462,0.0,0.0
Oli,QKI,217.10516,3.1854532,0.0,0.0
Oli,RNF220,211.44572,4.3852477,0.0,0.0
Oli,PIP4K2A,210.84561,4.1482267,0.0,0.0
Oli,PCDH9,203.04042,1.530507,0.0,0.0
Opc,LHFPL3,132.22102,7.601619,0.0,0.0
Opc,PCDH15,128.14212,6.4696045,0.0,0.0
Opc,LRRC4C,127.0051,4.3933516,0.0,0.0
Opc,DSCAM,126.75697,4.4661393,0.0,0.0
Opc,TNR,123.82812,5.6127615,0.0,0.0
Opc,VCAN,119.61098,7.0086246,0.0,0.0
Opc,PTPRZ1,119.04629,5.5432587,0.0,0.0
Opc,NLGN1,106.468735,2.7643647,0.0,0.0
Opc,GRID2,105.18159,3.809284,0.0,0.0
Opc,LUZP2,99.2458,5.1883035,0.0,0.0
