Gene_set,Term,Overlap,P-value,Adjusted P-value,Old P-value,Old Adjusted P-value,Odds Ratio,Combined Score,Genes
GO_Biological_Process_2023,Negative Regulation Of Epithelial Cell Migration (GO:0010633),4/33,1.3403691090526433e-06,0.0005528644807088734,0,0,59.73313343328336,807.745211009409,PTPRM;ADAMTS9;DCN;PTPRG
GO_Biological_Process_2023,Negative Regulation Of Angiogenesis (GO:0016525),5/86,2.3779117449844017e-06,0.0005528644807088734,0,0,27.25514403292181,352.9347061163162,CLDN5;SPARC;PTPRM;ADAMTS9;DCN
GO_Biological_Process_2023,Negative Regulation Of Blood Vessel Morphogenesis (GO:2000181),4/77,4.088424652163623e-05,0.0060246200636557,0,0,23.677188802858844,239.25244622831585,CLDN5;SPARC;PTPRM;DCN
GO_Biological_Process_2023,Protection From Natural Killer Cell Mediated Cytotoxicity (GO:0042270),2/5,6.0956786529959696e-05,0.0060246200636557,0,0,277.0416666666667,2688.78505476905,HLA-B;HLA-E
GO_Biological_Process_2023,Regulation Of Endothelial Cell Migration (GO:0010594),4/88,6.904073911723393e-05,0.0060246200636557,0,0,20.565217391304348,197.03151869795084,SPARC;PTPRM;ADAMTS9;DCN
GO_Biological_Process_2023,Negative Regulation Of Endothelial Cell Migration (GO:0010596),3/37,0.00010758892051640564,0.0060246200636557,0,0,37.3892365456821,341.6326661301949,PTPRM;ADAMTS9;DCN
GO_Biological_Process_2023,Negative Regulation Of Endothelial Cell Proliferation (GO:0001937),3/37,0.00010758892051640564,0.0060246200636557,0,0,37.3892365456821,341.6326661301949,FLT1;SPARC;PTPRM
GO_Biological_Process_2023,Type I Interferon-Mediated Signaling Pathway (GO:0060337),3/37,0.00010758892051640564,0.0060246200636557,0,0,37.3892365456821,341.6326661301949,IFITM3;IFITM2;IFI27
GO_Biological_Process_2023,Cellular Response To Type I Interferon (GO:0071357),3/38,0.00011660554961914327,0.0060246200636557,0,0,36.319148936170215,328.93213337279053,IFITM3;IFITM2;IFI27
GO_Biological_Process_2023,Regulation Of Angiogenesis (GO:0045765),5/205,0.00015693240089955412,0.0072973566418292,0,0,10.97222222222222,96.1133246688316,CLDN5;FLT1;SPARC;PTPRM;DCN
GO_Biological_Process_2023,Interferon-Mediated Signaling Pathway (GO:0140888),3/49,0.0002497855682645102,0.0105591172039088,0,0,27.618871415356157,229.09599013803128,IFITM3;IFITM2;IFI27
GO_Biological_Process_2023,Antigen Processing And Presentation Of Endogenous Peptide Antigen Via MHC Class I Via ER Pathway (GO:0002484),2/13,0.00046942457388711873,0.0145521617905006,0,0,75.52651515151516,578.8354329773197,HLA-B;HLA-E
GO_Biological_Process_2023,"Antigen Processing And Presentation Of Endogenous Peptide Antigen Via MHC Class I Via ER Pathway, TAP-independent (GO:0002486)",2/13,0.00046942457388711873,0.0145521617905006,0,0,75.52651515151516,578.8354329773197,HLA-B;HLA-E
GO_Biological_Process_2023,Antigen Processing And Presentation Of Endogenous Peptide Antigen Via MHC Class Ib (GO:0002476),2/13,0.00046942457388711873,0.0145521617905006,0,0,75.52651515151516,578.8354329773197,HLA-B;HLA-E
GO_Biological_Process_2023,Antigen Processing And Presentation Of Peptide Antigen Via MHC Class Ib (GO:0002428),2/13,0.00046942457388711873,0.0145521617905006,0,0,75.52651515151516,578.8354329773197,HLA-B;HLA-E
GO_Biological_Process_2023,Negative Regulation Of Epithelial Cell Proliferation (GO:0050680),3/70,0.0007152738836628206,0.0196596318927955,0,0,18.94220387424579,137.19544727387992,SPARC;PTPRM;B2M
GO_Biological_Process_2023,Negative Regulation Of Natural Killer Cell Mediated Cytotoxicity (GO:0045953),2/16,0.0007187392304892979,0.0196596318927955,0,0,59.333333333333336,429.45537567816734,HLA-B;HLA-E
GO_Biological_Process_2023,Response To Interferon-Alpha (GO:0035455),2/17,0.0008132713373134499,0.0210095095472641,0,0,55.375,393.9624337310239,IFITM3;IFITM2
GO_Biological_Process_2023,Negative Regulation Of Viral Entry Into Host Cell (GO:0046597),2/18,0.000913470506242016,0.0223559887053967,0,0,51.911458333333336,363.2898548418271,IFITM3;IFITM2
GO_Biological_Process_2023,Negative Regulation Of Viral Life Cycle (GO:1903901),2/20,0.0011307590059983,0.026290146889461,0,0,46.138888888888886,313.0461870363529,IFITM3;IFITM2
GO_Biological_Process_2023,Antigen Processing And Presentation Of Endogenous Peptide Antigen (GO:0002483),2/21,0.0012477930702112,0.0276297036975342,0,0,43.708333333333336,292.25047477799524,HLA-B;HLA-E
GO_Biological_Process_2023,Lipid Translocation (GO:0034204),2/24,0.0016321249773357,0.0344971870209607,0,0,37.74242424242424,242.22606459531664,ABCB1;ATP10A
GO_Biological_Process_2023,Regulation Of SMAD Protein Signal Transduction (GO:0060390),2/27,0.0020657293545543,0.041763658689903,0,0,33.208333333333336,205.3029465636782,WWTR1;RBPMS
GO_Biological_Process_2023,Maintenance Of Blood-Brain Barrier (GO:0035633),2/29,0.0023818121959682,0.04430170684501,0,0,30.74537037037037,185.6987673947897,CLDN5;LAMA2
GO_Biological_Process_2023,Response To Interferon-Beta (GO:0035456),2/29,0.0023818121959682,0.04430170684501,0,0,30.74537037037037,185.6987673947897,IFITM3;IFITM2
GO_Biological_Process_2023,Phospholipid Translocation (GO:0045332),2/31,0.0027192556482504,0.048632841401402,0,0,28.62212643678161,169.08226656127547,ABCB1;ATP10A
GO_Biological_Process_2023,Actin Filament Bundle Assembly (GO:0051017),2/33,0.0030778471463162,0.049351687001278,0,0,26.772849462365592,154.84144163978604,EPS8;CALD1
GO_Biological_Process_2023,Actin Filament Bundle Organization (GO:0061572),2/33,0.0030778471463162,0.049351687001278,0,0,26.772849462365592,154.84144163978604,EPS8;CALD1
GO_Biological_Process_2023,Positive Regulation Of T Cell Mediated Cytotoxicity (GO:0001916),2/33,0.0030778471463162,0.049351687001278,0,0,26.772849462365592,154.84144163978604,HLA-B;HLA-E
GO_Biological_Process_2023,Regulation Of T Cell Mediated Cytotoxicity (GO:0001914),2/36,0.0036549257227984,0.0543575360752799,0,0,24.40686274509804,136.96349152286243,HLA-B;HLA-E
GO_Biological_Process_2023,Protein Dephosphorylation (GO:0006470),3/124,0.0036867515545537,0.0543575360752799,0,0,10.460172322841569,58.60844537950275,DUSP1;PTPRM;PTPRG
GO_Biological_Process_2023,Response To Cytokine (GO:0034097),3/125,0.0037708170170264,0.0543575360752799,0,0,10.3739100104639,57.89122705378868,IFITM3;IFITM2;TIMP3
GO_Biological_Process_2023,Negative Regulation Of Stress-Activated MAPK Cascade (GO:0032873),2/37,0.0038576315924392,0.0543575360752799,0,0,23.70833333333333,131.76384828572083,MECOM;DUSP1
GO_Biological_Process_2023,Positive Regulation Of T Cell Mediated Immunity (GO:0002711),2/43,0.0051806911627924,0.0708535703146608,0,0,20.23272357723577,106.48111760263689,HLA-B;HLA-E
GO_Biological_Process_2023,Regulation Of Viral Entry Into Host Cell (GO:0046596),2/44,0.0054187658916089,0.0719921754170909,0,0,19.75,103.05327189846057,IFITM3;IFITM2
GO_Biological_Process_2023,Defense Response To Symbiont (GO:0140546),3/148,0.0060353294659236,0.0774488103731152,0,0,8.718268525311812,44.55144049537493,IFITM3;IFITM2;IFI27
GO_Biological_Process_2023,Bicellular Tight Junction Assembly (GO:0070830),2/47,0.0061625935135597,0.0774488103731152,0,0,18.43055555555556,93.79784429037068,CLDN5;PARD3
GO_Biological_Process_2023,Positive Regulation Of Leukocyte Mediated Cytotoxicity (GO:0001912),2/51,0.0072225026271421,0.0861491382150425,0,0,16.922619047619047,83.43788300609687,HLA-B;HLA-E
GO_Biological_Process_2023,Rho Protein Signal Transduction (GO:0007266),2/52,0.007499481830469,0.0861491382150425,0,0,16.583333333333332,81.14094572244915,EPS8;ARHGAP29
GO_Biological_Process_2023,Tight Junction Assembly (GO:0120192),2/53,0.0077812124839393,0.0861491382150425,0,0,16.25735294117647,78.94640668269977,CLDN5;PARD3
GO_Biological_Process_2023,Negative Regulation Of Viral Genome Replication (GO:0045071),2/53,0.0077812124839393,0.0861491382150425,0,0,16.25735294117647,78.94640668269977,IFITM3;IFITM2
GO_Biological_Process_2023,Blood Vessel Morphogenesis (GO:0048514),2/53,0.0077812124839393,0.0861491382150425,0,0,16.25735294117647,78.94640668269977,FLT1;ID1
GO_Biological_Process_2023,Apical Junction Assembly (GO:0043297),2/54,0.0080676700842631,0.0872434090507528,0,0,15.943910256410255,76.8479024006269,CLDN5;PARD3
GO_Biological_Process_2023,Muscle Organ Development (GO:0007517),2/58,0.0092602829393189,0.0949637319412156,0,0,14.802083333333334,69.30366021141536,LAMA2;UTRN
GO_Biological_Process_2023,Positive Regulation Of Protein Binding (GO:0032092),2/59,0.0095700107879558,0.0949637319412156,0,0,14.541666666666666,67.6059670933825,CLDN5;B2M
GO_Biological_Process_2023,Phospholipid Transport (GO:0015914),2/59,0.0095700107879558,0.0949637319412156,0,0,14.541666666666666,67.6059670933825,ABCB1;ATP10A
GO_Biological_Process_2023,Negative Regulation Of Viral Process (GO:0048525),2/61,0.0102031878981958,0.0949637319412156,0,0,14.04731638418079,64.40771918587598,IFITM3;IFITM2
GO_Biological_Process_2023,Defense Response To Virus (GO:0051607),3/189,0.0117556913396771,0.0949637319412156,0,0,6.782429649965683,30.13716854116709,IFITM3;IFITM2;IFI27
GO_Biological_Process_2023,Regulation Of Viral Genome Replication (GO:0045069),2/67,0.012210781302115,0.0949637319412156,0,0,12.746794871794872,56.15518906635068,IFITM3;IFITM2
GO_Biological_Process_2023,Negative Regulation Of Meiotic Cell Cycle (GO:0051447),1/5,0.0124387771927725,0.0949637319412156,0,0,101.76530612244898,446.4379351400606,DUSP1
GO_Biological_Process_2023,Tight Junction Organization (GO:0120193),1/5,0.0124387771927725,0.0949637319412156,0,0,101.76530612244898,446.4379351400606,CLDN5
GO_Biological_Process_2023,Negative Regulation Of Monocyte Chemotaxis (GO:0090027),1/5,0.0124387771927725,0.0949637319412156,0,0,101.76530612244898,446.4379351400606,DUSP1
GO_Biological_Process_2023,Positive Regulation Of Receptor Binding (GO:1900122),1/5,0.0124387771927725,0.0949637319412156,0,0,101.76530612244898,446.4379351400606,B2M
GO_Biological_Process_2023,Regulation Of Mitotic Spindle Checkpoint (GO:1903504),1/5,0.0124387771927725,0.0949637319412156,0,0,101.76530612244898,446.4379351400606,DUSP1
GO_Biological_Process_2023,Retinal Ganglion Cell Axon Guidance (GO:0031290),1/5,0.0124387771927725,0.0949637319412156,0,0,101.76530612244898,446.4379351400606,PTPRM
GO_Biological_Process_2023,Regulation Of Basement Membrane Organization (GO:0110011),1/5,0.0124387771927725,0.0949637319412156,0,0,101.76530612244898,446.4379351400606,LAMA2
GO_Biological_Process_2023,Positive Regulation Of Endothelial Cell Development (GO:1901552),1/5,0.0124387771927725,0.0949637319412156,0,0,101.76530612244898,446.4379351400606,CLDN5
GO_Biological_Process_2023,Positive Regulation Of Establishment Of Endothelial Barrier (GO:1903142),1/5,0.0124387771927725,0.0949637319412156,0,0,101.76530612244898,446.4379351400606,CLDN5
GO_Biological_Process_2023,Positive Regulation Of Extrinsic Apoptotic Signaling Pathway Via Death Domain Receptors (GO:1902043),1/5,0.0124387771927725,0.0949637319412156,0,0,101.76530612244898,446.4379351400606,TIMP3
GO_Biological_Process_2023,Positive Regulation Of Phosphatidylinositol 3-Kinase Signaling (GO:0014068),2/69,0.0129153730394233,0.0949637319412156,0,0,12.36504975124378,53.77976800231812,FLT1;DCN
GO_Biological_Process_2023,Transforming Growth Factor Beta Receptor Signaling Pathway (GO:0007179),2/72,0.0140048037295852,0.0949637319412156,0,0,11.833333333333334,50.50886613536219,CLDN5;ID1
GO_Biological_Process_2023,Synaptic Signaling (GO:0099536),1/6,0.0149082847993736,0.0949637319412156,0,0,81.40816326530613,342.3895623444841,UTRN
GO_Biological_Process_2023,"Fatty Acid Elongation, Monounsaturated Fatty Acid (GO:0034625)",1/6,0.0149082847993736,0.0949637319412156,0,0,81.40816326530613,342.3895623444841,ELOVL7
GO_Biological_Process_2023,"Fatty Acid Elongation, Polyunsaturated Fatty Acid (GO:0034626)",1/6,0.0149082847993736,0.0949637319412156,0,0,81.40816326530613,342.3895623444841,ELOVL7
GO_Biological_Process_2023,"Fatty Acid Elongation, Saturated Fatty Acid (GO:0019367)",1/6,0.0149082847993736,0.0949637319412156,0,0,81.40816326530613,342.3895623444841,ELOVL7
GO_Biological_Process_2023,"Fatty Acid Elongation, Unsaturated Fatty Acid (GO:0019368)",1/6,0.0149082847993736,0.0949637319412156,0,0,81.40816326530613,342.3895623444841,ELOVL7
GO_Biological_Process_2023,Positive Regulation Of Membrane Depolarization (GO:1904181),1/6,0.0149082847993736,0.0949637319412156,0,0,81.40816326530613,342.3895623444841,DCN
GO_Biological_Process_2023,Negative Regulation Of Membrane Protein Ectodomain Proteolysis (GO:0051045),1/6,0.0149082847993736,0.0949637319412156,0,0,81.40816326530613,342.3895623444841,TIMP3
GO_Biological_Process_2023,Positive Regulation Of Natural Killer Cell Cytokine Production (GO:0002729),1/6,0.0149082847993736,0.0949637319412156,0,0,81.40816326530613,342.3895623444841,HLA-E
GO_Biological_Process_2023,Negative Regulation Of p38MAPK Cascade (GO:1903753),1/6,0.0149082847993736,0.0949637319412156,0,0,81.40816326530613,342.3895623444841,DUSP1
GO_Biological_Process_2023,Hemostasis (GO:0007599),1/6,0.0149082847993736,0.0949637319412156,0,0,81.40816326530613,342.3895623444841,VWF
GO_Biological_Process_2023,Regulation Of Natural Killer Cell Cytokine Production (GO:0002727),1/6,0.0149082847993736,0.0949637319412156,0,0,81.40816326530613,342.3895623444841,HLA-E
GO_Biological_Process_2023,Regulation Of T Cell Tolerance Induction (GO:0002664),1/6,0.0149082847993736,0.0949637319412156,0,0,81.40816326530613,342.3895623444841,HLA-B
GO_Biological_Process_2023,Positive Regulation Of Cellular Process (GO:0048522),5/594,0.0160302464344531,0.1007306025948744,0,0,3.652329749103943,15.096093978474457,CLDN5;WWTR1;TSC22D1;LAMA2;PARD3
GO_Biological_Process_2023,Regulation Of Innate Immune Response (GO:0045088),2/78,0.0162985561731684,0.101051048273644,0,0,10.895833333333334,44.85464558420347,CFH;HLA-E
GO_Biological_Process_2023,Response To Type II Interferon (GO:0034341),2/80,0.0170965192165363,0.1035623047997697,0,0,10.615384615384617,43.19273030214829,IFITM3;IFITM2
GO_Biological_Process_2023,Establishment Of Centrosome Localization (GO:0051660),1/7,0.0173717414502839,0.1035623047997697,0,0,67.83673469387755,274.9362107684438,PARD3
GO_Biological_Process_2023,Positive Regulation Of Natural Killer Cell Proliferation (GO:0032819),1/7,0.0173717414502839,0.1035623047997697,0,0,67.83673469387755,274.9362107684438,HLA-E
GO_Biological_Process_2023,Schwann Cell Development (GO:0014044),1/8,0.0198291614511851,0.1079214582553579,0,0,58.142857142857146,227.9549801512961,PARD3
GO_Biological_Process_2023,Regulation Of Mitotic Sister Chromatid Segregation (GO:0033047),1/8,0.0198291614511851,0.1079214582553579,0,0,58.142857142857146,227.9549801512961,DUSP1
GO_Biological_Process_2023,Peripheral Nervous System Axon Ensheathment (GO:0032292),1/8,0.0198291614511851,0.1079214582553579,0,0,58.142857142857146,227.9549801512961,PARD3
GO_Biological_Process_2023,"Positive Regulation Of CD8-positive, Alpha-Beta T Cell Activation (GO:2001187)",1/8,0.0198291614511851,0.1079214582553579,0,0,58.142857142857146,227.9549801512961,HLA-E
GO_Biological_Process_2023,"Regulation Of CD8-positive, Alpha-Beta T Cell Proliferation (GO:2000564)",1/8,0.0198291614511851,0.1079214582553579,0,0,58.142857142857146,227.9549801512961,HLA-E
GO_Biological_Process_2023,Sequestering Of Actin Monomers (GO:0042989),1/8,0.0198291614511851,0.1079214582553579,0,0,58.142857142857146,227.9549801512961,TMSB10
GO_Biological_Process_2023,Regulation Of Cell Killing (GO:0031341),1/8,0.0198291614511851,0.1079214582553579,0,0,58.142857142857146,227.9549801512961,CFH
GO_Biological_Process_2023,Negative Regulation Of Multicellular Organismal Process (GO:0051241),3/231,0.0200145015089823,0.1079214582553579,0,0,5.5212765957446805,21.59535917043918,SRGN;ID1;PTPRG
GO_Biological_Process_2023,Regulation Of Phosphatidylinositol 3-Kinase Signaling (GO:0014066),2/90,0.0213286953840061,0.1079214582553579,0,0,9.40435606060606,36.18515879365064,FLT1;DCN
GO_Biological_Process_2023,Positive Regulation Of Binding (GO:0051099),2/91,0.0217736102157896,0.1079214582553579,0,0,9.298220973782772,35.5848177883064,CLDN5;B2M
GO_Biological_Process_2023,Regulation Of Complement Activation (GO:0030449),1/9,0.0222805591236868,0.1079214582553579,0,0,50.87244897959184,193.52086993316271,CFH
GO_Biological_Process_2023,Regulation Of Complement-Dependent Cytotoxicity (GO:1903659),1/9,0.0222805591236868,0.1079214582553579,0,0,50.87244897959184,193.52086993316271,CFH
GO_Biological_Process_2023,Negative Regulation Of Receptor Binding (GO:1900121),1/9,0.0222805591236868,0.1079214582553579,0,0,50.87244897959184,193.52086993316271,B2M
GO_Biological_Process_2023,Negative Regulation Of Vascular Endothelial Growth Factor Signaling Pathway (GO:1900747),1/9,0.0222805591236868,0.1079214582553579,0,0,50.87244897959184,193.52086993316271,DCN
GO_Biological_Process_2023,Regulation Of Natural Killer Cell Proliferation (GO:0032817),1/9,0.0222805591236868,0.1079214582553579,0,0,50.87244897959184,193.52086993316271,HLA-E
GO_Biological_Process_2023,Regulation Of Receptor Binding (GO:1900120),1/9,0.0222805591236868,0.1079214582553579,0,0,50.87244897959184,193.52086993316271,B2M
GO_Biological_Process_2023,"Regulation Of CD8-positive, Alpha-Beta T Cell Activation (GO:2001185)",1/9,0.0222805591236868,0.1079214582553579,0,0,50.87244897959184,193.52086993316271,HLA-E
GO_Biological_Process_2023,Regulation Of Actin Filament Length (GO:0030832),1/9,0.0222805591236868,0.1079214582553579,0,0,50.87244897959184,193.52086993316271,EPS8
GO_Biological_Process_2023,Regulation Of Endothelial Cell Proliferation (GO:0001936),2/93,0.0226749954090764,0.1084676056606131,0,0,9.092948717948715,34.43038199107018,SPARC;PTPRM
GO_Biological_Process_2023,Cellular Response To Transforming Growth Factor Beta Stimulus (GO:0071560),2/96,0.0240556444712905,0.1084676056606131,0,0,8.801418439716311,32.80628046281635,CLDN5;ID1
GO_Biological_Process_2023,Positive Regulation Of Interleukin-13 Production (GO:0032736),1/10,0.024725948817258,0.1084676056606131,0,0,45.21768707482993,167.3010120823387,HLA-E
GO_Biological_Process_2023,Regulation Of Dendritic Cell Differentiation (GO:2001198),1/10,0.024725948817258,0.1084676056606131,0,0,45.21768707482993,167.3010120823387,HLA-B
GO_Biological_Process_2023,Negative Regulation Of Natural Killer Cell Mediated Immunity (GO:0002716),1/10,0.024725948817258,0.1084676056606131,0,0,45.21768707482993,167.3010120823387,HLA-E
GO_Biological_Process_2023,Hematopoietic Stem Cell Proliferation (GO:0071425),1/10,0.024725948817258,0.1084676056606131,0,0,45.21768707482993,167.3010120823387,MECOM
GO_Biological_Process_2023,Regulation Of Mitochondrial Depolarization (GO:0051900),1/10,0.024725948817258,0.1084676056606131,0,0,45.21768707482993,167.3010120823387,DCN
GO_Biological_Process_2023,Regulation Of Mitotic Sister Chromatid Separation (GO:0010965),1/10,0.024725948817258,0.1084676056606131,0,0,45.21768707482993,167.3010120823387,DUSP1
GO_Biological_Process_2023,Protein Kinase C-activating G Protein-Coupled Receptor Signaling Pathway (GO:0007205),1/10,0.024725948817258,0.1084676056606131,0,0,45.21768707482993,167.3010120823387,PARD3
GO_Biological_Process_2023,Positive Regulation Of Cellular Senescence (GO:2000774),1/10,0.024725948817258,0.1084676056606131,0,0,45.21768707482993,167.3010120823387,B2M
GO_Biological_Process_2023,Exit From Mitosis (GO:0010458),1/11,0.0271653448579923,0.1099156637298613,0,0,40.69387755102041,146.73452100035948,EPS8
GO_Biological_Process_2023,Negative Regulation Of Leukocyte Chemotaxis (GO:0002689),1/11,0.0271653448579923,0.1099156637298613,0,0,40.69387755102041,146.73452100035948,DUSP1
GO_Biological_Process_2023,Positive Regulation Of Myelination (GO:0031643),1/11,0.0271653448579923,0.1099156637298613,0,0,40.69387755102041,146.73452100035948,PARD3
GO_Biological_Process_2023,Actin Crosslink Formation (GO:0051764),1/11,0.0271653448579923,0.1099156637298613,0,0,40.69387755102041,146.73452100035948,EPS8
GO_Biological_Process_2023,Negative Regulation Of Vascular Permeability (GO:0043116),1/11,0.0271653448579923,0.1099156637298613,0,0,40.69387755102041,146.73452100035948,CLDN5
GO_Biological_Process_2023,Intracellular Copper Ion Homeostasis (GO:0006878),1/11,0.0271653448579923,0.1099156637298613,0,0,40.69387755102041,146.73452100035948,MT2A
GO_Biological_Process_2023,Regulation Of Phospholipase C Activity (GO:1900274),1/11,0.0271653448579923,0.1099156637298613,0,0,40.69387755102041,146.73452100035948,FLT1
GO_Biological_Process_2023,Negative Regulation Of Cellular Response To Vascular Endothelial Growth Factor Stimulus (GO:1902548),1/11,0.0271653448579923,0.1099156637298613,0,0,40.69387755102041,146.73452100035948,DCN
GO_Biological_Process_2023,Cellular Component Assembly (GO:0022607),3/260,0.0271834437181377,0.1099156637298613,0,0,4.891050583657588,17.632957208337984,EPS8;CALD1;PARD3
GO_Biological_Process_2023,Negative Regulation Of MAPK Cascade (GO:0043409),2/105,0.0283980432384044,0.1101073930363344,0,0,8.028721682847896,28.593770697553435,DUSP1;TIMP3
GO_Biological_Process_2023,Positive Regulation Of Integrin-Mediated Signaling Pathway (GO:2001046),1/12,0.029598761568907,0.1101073930363344,0,0,36.99257884972171,130.2147194065139,LAMA2
GO_Biological_Process_2023,Fatty Acid Elongation (GO:0030497),1/12,0.029598761568907,0.1101073930363344,0,0,36.99257884972171,130.2147194065139,ELOVL7
GO_Biological_Process_2023,Negative Regulation Of Mononuclear Cell Migration (GO:0071676),1/12,0.029598761568907,0.1101073930363344,0,0,36.99257884972171,130.2147194065139,DUSP1
GO_Biological_Process_2023,Very Long-Chain Fatty Acid Biosynthetic Process (GO:0042761),1/12,0.029598761568907,0.1101073930363344,0,0,36.99257884972171,130.2147194065139,ELOVL7
GO_Biological_Process_2023,Positive Regulation Of Ruffle Assembly (GO:1900029),1/12,0.029598761568907,0.1101073930363344,0,0,36.99257884972171,130.2147194065139,EPS8
GO_Biological_Process_2023,Myelination In Peripheral Nervous System (GO:0022011),1/12,0.029598761568907,0.1101073930363344,0,0,36.99257884972171,130.2147194065139,PARD3
GO_Biological_Process_2023,Response To Iron Ion (GO:0010039),1/12,0.029598761568907,0.1101073930363344,0,0,36.99257884972171,130.2147194065139,B2M
GO_Biological_Process_2023,Defense Response To Tumor Cell (GO:0002357),1/12,0.029598761568907,0.1101073930363344,0,0,36.99257884972171,130.2147194065139,RBMS3
GO_Biological_Process_2023,Detection Of Bacterium (GO:0016045),1/12,0.029598761568907,0.1101073930363344,0,0,36.99257884972171,130.2147194065139,HLA-B
GO_Biological_Process_2023,Regulation Of Humoral Immune Response (GO:0002920),1/13,0.032026213248763,0.1136808332875939,0,0,33.90816326530612,116.6847899929619,CFH
GO_Biological_Process_2023,Regulation Of Immune Effector Process (GO:0002697),1/13,0.032026213248763,0.1136808332875939,0,0,33.90816326530612,116.6847899929619,CFH
GO_Biological_Process_2023,Negative Regulation Of Viral Transcription (GO:0032897),1/13,0.032026213248763,0.1136808332875939,0,0,33.90816326530612,116.6847899929619,IFITM3
GO_Biological_Process_2023,Response To Chemokine (GO:1990868),1/13,0.032026213248763,0.1136808332875939,0,0,33.90816326530612,116.6847899929619,DUSP1
GO_Biological_Process_2023,Cytoplasmic Sequestering Of Protein (GO:0051220),1/13,0.032026213248763,0.1136808332875939,0,0,33.90816326530612,116.6847899929619,PTPRM
GO_Biological_Process_2023,Negative Regulation Of Bone Mineralization (GO:0030502),1/13,0.032026213248763,0.1136808332875939,0,0,33.90816326530612,116.6847899929619,SRGN
GO_Biological_Process_2023,Regulation Of MAP Kinase Activity (GO:0043405),2/114,0.0330295301793541,0.1154791844616516,0,0,7.380208333333333,25.169117576656426,FLT1;DUSP1
GO_Biological_Process_2023,Negative Regulation Of Canonical Wnt Signaling Pathway (GO:0090090),2/114,0.0330295301793541,0.1154791844616516,0,0,7.380208333333333,25.169117576656426,WWTR1;RBMS3
GO_Biological_Process_2023,Negative Regulation Of Leukocyte Mediated Cytotoxicity (GO:0001911),1/14,0.0344477141698711,0.1160738194854354,0,0,31.298273155416013,105.4223689491126,HLA-E
GO_Biological_Process_2023,Negative Regulation Of Peptidyl-Threonine Phosphorylation (GO:0010801),1/14,0.0344477141698711,0.1160738194854354,0,0,31.298273155416013,105.4223689491126,PARD3
GO_Biological_Process_2023,Ceramide Transport (GO:0035627),1/14,0.0344477141698711,0.1160738194854354,0,0,31.298273155416013,105.4223689491126,ABCB1
GO_Biological_Process_2023,Copper Ion Homeostasis (GO:0055070),1/14,0.0344477141698711,0.1160738194854354,0,0,31.298273155416013,105.4223689491126,MT2A
GO_Biological_Process_2023,Endoderm Development (GO:0007492),1/14,0.0344477141698711,0.1160738194854354,0,0,31.298273155416013,105.4223689491126,DUSP1
GO_Biological_Process_2023,Regulation Of Protein Binding (GO:0043393),2/118,0.0351769550093681,0.1176783027291812,0,0,7.124281609195402,23.8475644827565,CLDN5;B2M
GO_Biological_Process_2023,Positive Regulation Of Muscle Cell Differentiation (GO:0051149),1/15,0.0368632785936063,0.1190376704585204,0,0,29.06122448979592,95.91771596133704,LAMA2
GO_Biological_Process_2023,Regulation Of Interleukin-13 Production (GO:0032656),1/15,0.0368632785936063,0.1190376704585204,0,0,29.06122448979592,95.91771596133704,HLA-E
GO_Biological_Process_2023,Alpha-Beta T Cell Activation (GO:0046631),1/15,0.0368632785936063,0.1190376704585204,0,0,29.06122448979592,95.91771596133704,HLA-E
GO_Biological_Process_2023,Cellular Response To Zinc Ion (GO:0071294),1/15,0.0368632785936063,0.1190376704585204,0,0,29.06122448979592,95.91771596133704,MT2A
GO_Biological_Process_2023,Regulation Of Bicellular Tight Junction Assembly (GO:2000810),1/15,0.0368632785936063,0.1190376704585204,0,0,29.06122448979592,95.91771596133704,CLDN5
GO_Biological_Process_2023,Regulation Of Intracellular Signal Transduction (GO:1902531),3/297,0.0380724806808945,0.1212700600191544,0,0,4.267477203647417,13.947240193719756,WWTR1;VWF;ARHGAP29
GO_Biological_Process_2023,Enzyme-Linked Receptor Protein Signaling Pathway (GO:0007167),2/124,0.038497072428768,0.1212700600191544,0,0,6.771857923497268,22.05711333941876,FLT1;PTPRG
GO_Biological_Process_2023,Regulation Of Establishment Of Endothelial Barrier (GO:1903140),1/16,0.0392729207344652,0.1212700600191544,0,0,27.12244897959184,87.80133530116419,CLDN5
GO_Biological_Process_2023,Regulation Of Nucleocytoplasmic Transport (GO:0046822),1/16,0.0392729207344652,0.1212700600191544,0,0,27.12244897959184,87.80133530116419,IFI27
GO_Biological_Process_2023,Rac Protein Signal Transduction (GO:0016601),1/17,0.0416766547912334,0.1212700600191544,0,0,25.426020408163264,80.79916728086499,EPS8
GO_Biological_Process_2023,Hippo Signaling (GO:0035329),1/17,0.0416766547912334,0.1212700600191544,0,0,25.426020408163264,80.79916728086499,WWTR1
GO_Biological_Process_2023,Regulation Of Mitotic Cell Cycle Spindle Assembly Checkpoint (GO:0090266),1/17,0.0416766547912334,0.1212700600191544,0,0,25.426020408163264,80.79916728086499,DUSP1
GO_Biological_Process_2023,Aorta Morphogenesis (GO:0035909),1/17,0.0416766547912334,0.1212700600191544,0,0,25.426020408163264,80.79916728086499,ADAMTS9
GO_Biological_Process_2023,Long-Chain fatty-acyl-CoA Biosynthetic Process (GO:0035338),1/17,0.0416766547912334,0.1212700600191544,0,0,25.426020408163264,80.79916728086499,ELOVL7
GO_Biological_Process_2023,Regulation Of Viral Transcription (GO:0046782),1/17,0.0416766547912334,0.1212700600191544,0,0,25.426020408163264,80.79916728086499,IFITM3
GO_Biological_Process_2023,Positive Regulation Of SMAD Protein Signal Transduction (GO:0060391),1/17,0.0416766547912334,0.1212700600191544,0,0,25.426020408163264,80.79916728086499,RBPMS
GO_Biological_Process_2023,Positive Regulation Of Alpha-Beta T Cell Proliferation (GO:0046641),1/17,0.0416766547912334,0.1212700600191544,0,0,25.426020408163264,80.79916728086499,HLA-E
GO_Biological_Process_2023,Cellular Response To Cytokine Stimulus (GO:0071345),3/308,0.0416816394553096,0.1212700600191544,0,0,4.111266131845135,13.064347972418648,MT2A;IFITM2;DUSP1
GO_Biological_Process_2023,Positive Regulation Of Intracellular Signal Transduction (GO:1902533),4/525,0.0418641247505467,0.1212700600191544,0,0,3.2427605774847703,10.29033654964329,FLT1;VWF;RBPMS;DCN
GO_Biological_Process_2023,Transmembrane Receptor Protein Serine/Threonine Kinase Signaling Pathway (GO:0007178),2/130,0.0419323175536405,0.1212700600191544,0,0,6.452473958333333,20.46530163526616,CLDN5;ID1
GO_Biological_Process_2023,Positive Regulation Of Interleukin-4 Production (GO:0032753),1/18,0.0440744949316926,0.1212700600191544,0,0,23.92917166866747,74.70385911458476,HLA-E
GO_Biological_Process_2023,Negative Regulation Of Nervous System Development (GO:0051961),1/18,0.0440744949316926,0.1212700600191544,0,0,23.92917166866747,74.70385911458476,B2M
GO_Biological_Process_2023,Positive Regulation Of Natural Killer Cell Activation (GO:0032816),1/18,0.0440744949316926,0.1212700600191544,0,0,23.92917166866747,74.70385911458476,HLA-E
GO_Biological_Process_2023,Positive Regulation Of Nervous System Process (GO:0031646),1/18,0.0440744949316926,0.1212700600191544,0,0,23.92917166866747,74.70385911458476,PARD3
GO_Biological_Process_2023,Actin Filament Capping (GO:0051693),1/18,0.0440744949316926,0.1212700600191544,0,0,23.92917166866747,74.70385911458476,EPS8
GO_Biological_Process_2023,Antigen Processing And Presentation Of Peptide Antigen Via MHC Class I (GO:0002474),1/18,0.0440744949316926,0.1212700600191544,0,0,23.92917166866747,74.70385911458476,B2M
GO_Biological_Process_2023,Barbed-End Actin Filament Capping (GO:0051016),1/18,0.0440744949316926,0.1212700600191544,0,0,23.92917166866747,74.70385911458476,EPS8
GO_Biological_Process_2023,Regulation Of Protein Neddylation (GO:2000434),1/18,0.0440744949316926,0.1212700600191544,0,0,23.92917166866747,74.70385911458476,EPAS1
GO_Biological_Process_2023,Regulation Of Vascular Endothelial Cell Proliferation (GO:1905562),1/18,0.0440744949316926,0.1212700600191544,0,0,23.92917166866747,74.70385911458476,FLT1
GO_Biological_Process_2023,Dendritic Cell Migration (GO:0036336),1/18,0.0440744949316926,0.1212700600191544,0,0,23.92917166866747,74.70385911458476,EPS8
GO_Biological_Process_2023,Cellular Response To Metal Ion (GO:0071248),2/135,0.0448800632493119,0.122760173005471,0,0,6.208333333333333,19.26918665258641,MT2A;B2M
GO_Biological_Process_2023,Establishment Of Epithelial Cell Polarity (GO:0090162),1/19,0.0464664552952436,0.122766487001638,0,0,22.598639455782312,69.35578082800635,PARD3
GO_Biological_Process_2023,Positive Regulation Of Mitochondrial Fission (GO:0090141),1/19,0.0464664552952436,0.122766487001638,0,0,22.598639455782312,69.35578082800635,DCN
GO_Biological_Process_2023,Regulation Of Integrin-Mediated Signaling Pathway (GO:2001044),1/19,0.0464664552952436,0.122766487001638,0,0,22.598639455782312,69.35578082800635,LAMA2
GO_Biological_Process_2023,Calcium-Independent Cell-Cell Adhesion Via Plasma Membrane Cell-Adhesion Molecules (GO:0016338),1/19,0.0464664552952436,0.122766487001638,0,0,22.598639455782312,69.35578082800635,CLDN5
GO_Biological_Process_2023,Regulation Of Vascular Endothelial Growth Factor Signaling Pathway (GO:1900746),1/19,0.0464664552952436,0.122766487001638,0,0,22.598639455782312,69.35578082800635,DCN
GO_Biological_Process_2023,Positive Regulation Of Alpha-Beta T Cell Activation (GO:0046635),1/19,0.0464664552952436,0.122766487001638,0,0,22.598639455782312,69.35578082800635,HLA-E
GO_Biological_Process_2023,Negative Regulation Of Wnt Signaling Pathway (GO:0030178),2/140,0.0479026862337682,0.1241335286428574,0,0,5.981884057971015,18.176455370515885,WWTR1;RBMS3
GO_Biological_Process_2023,Positive Regulation Of Phospholipase Activity (GO:0010518),1/20,0.0488525499820277,0.1241335286428574,0,0,21.40816326530612,64.63014669364038,FLT1
GO_Biological_Process_2023,Xenobiotic Transport (GO:0042908),1/20,0.0488525499820277,0.1241335286428574,0,0,21.40816326530612,64.63014669364038,ABCB1
GO_Biological_Process_2023,Negative Regulation Of Reproductive Process (GO:2000242),1/20,0.0488525499820277,0.1241335286428574,0,0,21.40816326530612,64.63014669364038,DUSP1
GO_Biological_Process_2023,Regulation Of Meiotic Cell Cycle (GO:0051445),1/20,0.0488525499820277,0.1241335286428574,0,0,21.40816326530612,64.63014669364038,DUSP1
GO_Biological_Process_2023,Cellular Response To Copper Ion (GO:0071280),1/20,0.0488525499820277,0.1241335286428574,0,0,21.40816326530612,64.63014669364038,MT2A
GO_Biological_Process_2023,Myoblast Differentiation (GO:0045445),1/20,0.0488525499820277,0.1241335286428574,0,0,21.40816326530612,64.63014669364038,EPAS1
GO_Biological_Process_2023,Proteolysis (GO:0006508),3/330,0.0494005795439841,0.1246367367432673,0,0,3.830372828420847,11.520969052606691,SRGN;CFH;ADAMTS9
GO_Biological_Process_2023,Ras Protein Signal Transduction (GO:0007265),2/144,0.0503731921946642,0.1246367367432673,0,0,5.812206572769953,17.368594502988177,EPS8;ARHGAP29
GO_Biological_Process_2023,Regulation Of Cell Adhesion (GO:0030155),2/144,0.0503731921946642,0.1246367367432673,0,0,5.812206572769953,17.368594502988177,LAMA2;DUSP1
GO_Biological_Process_2023,Positive Regulation Of Natural Killer Cell Mediated Cytotoxicity (GO:0045954),1/21,0.0512327930672156,0.1246367367432673,0,0,20.336734693877556,60.42807445408675,HLA-E
GO_Biological_Process_2023,Regulation Of Membrane Protein Ectodomain Proteolysis (GO:0051043),1/21,0.0512327930672156,0.1246367367432673,0,0,20.336734693877556,60.42807445408675,TIMP3
GO_Biological_Process_2023,Modulation By Host Of Viral Genome Replication (GO:0044827),1/21,0.0512327930672156,0.1246367367432673,0,0,20.336734693877556,60.42807445408675,IFI27
GO_Biological_Process_2023,Negative Regulation Of Biomineral Tissue Development (GO:0070168),1/21,0.0512327930672156,0.1246367367432673,0,0,20.336734693877556,60.42807445408675,SRGN
GO_Biological_Process_2023,Negative Regulation Of Gene Expression (GO:0010629),3/336,0.0516198170507825,0.1246367367432673,0,0,3.7602070155261647,11.144688167372845,SRGN;CLDN5;RBMS3
GO_Biological_Process_2023,Regulation Of Cold-Induced Thermogenesis (GO:0120161),2/146,0.0516255263806262,0.1246367367432673,0,0,5.730902777777778,16.984900248335105,EPAS1;ID1
GO_Biological_Process_2023,Dephosphorylation (GO:0016311),2/147,0.0522559027547516,0.1246367367432673,0,0,5.691091954022989,16.797840801779476,PTPRM;PTPRG
GO_Biological_Process_2023,Negative Regulation Of Protein Phosphorylation (GO:0001933),2/149,0.0535249876216422,0.1246367367432673,0,0,5.613095238095238,16.432935090777736,WWTR1;PARD3
GO_Biological_Process_2023,Negative Regulation Of DNA-binding Transcription Factor Activity (GO:0043433),2/149,0.0535249876216422,0.1246367367432673,0,0,5.613095238095238,16.432935090777736,ID1;ID3
GO_Biological_Process_2023,Blood Vessel Endothelial Cell Migration (GO:0043534),1/22,0.0536071985992547,0.1246367367432673,0,0,19.367346938775512,56.67024999786951,ID1
GO_Biological_Process_2023,Regulation Of Protein Export From Nucleus (GO:0046825),1/22,0.0536071985992547,0.1246367367432673,0,0,19.367346938775512,56.67024999786951,IFI27
GO_Biological_Process_2023,Cellular Response To Interferon-Beta (GO:0035458),1/22,0.0536071985992547,0.1246367367432673,0,0,19.367346938775512,56.67024999786951,IFITM2
GO_Biological_Process_2023,Modulation By Host Of Viral Process (GO:0044788),1/22,0.0536071985992547,0.1246367367432673,0,0,19.367346938775512,56.67024999786951,IFI27
GO_Biological_Process_2023,Negative Regulation Of Cell Development (GO:0010721),1/22,0.0536071985992547,0.1246367367432673,0,0,19.367346938775512,56.67024999786951,B2M
GO_Biological_Process_2023,Regulation Of Extracellular Matrix Organization (GO:1903053),1/23,0.0559757805878795,0.1269694535286047,0,0,18.4860853432282,53.29235549319145,LAMA2
GO_Biological_Process_2023,Negative Regulation Of Neuron Differentiation (GO:0045665),1/23,0.0559757805878795,0.1269694535286047,0,0,18.4860853432282,53.29235549319145,B2M
GO_Biological_Process_2023,Regulation Of Interleukin-4 Production (GO:0032673),1/23,0.0559757805878795,0.1269694535286047,0,0,18.4860853432282,53.29235549319145,HLA-E
GO_Biological_Process_2023,Long-Chain fatty-acyl-CoA Metabolic Process (GO:0035336),1/23,0.0559757805878795,0.1269694535286047,0,0,18.4860853432282,53.29235549319145,ELOVL7
GO_Biological_Process_2023,Negative Regulation Of Actin Filament Polymerization (GO:0030837),1/23,0.0559757805878795,0.1269694535286047,0,0,18.4860853432282,53.29235549319145,TMSB10
GO_Biological_Process_2023,Positive Regulation Of Natural Killer Cell Mediated Immunity (GO:0002717),1/24,0.0583385530130099,0.1285660054552115,0,0,17.68145519077196,50.24171555062859,HLA-E
GO_Biological_Process_2023,Negative Regulation Of Ossification (GO:0030279),1/24,0.0583385530130099,0.1285660054552115,0,0,17.68145519077196,50.24171555062859,SRGN
GO_Biological_Process_2023,Amyloid Fibril Formation (GO:1990000),1/24,0.0583385530130099,0.1285660054552115,0,0,17.68145519077196,50.24171555062859,B2M
GO_Biological_Process_2023,Regulation Of Muscle Cell Differentiation (GO:0051147),1/24,0.0583385530130099,0.1285660054552115,0,0,17.68145519077196,50.24171555062859,LAMA2
GO_Biological_Process_2023,Regulation Of Ruffle Assembly (GO:1900027),1/24,0.0583385530130099,0.1285660054552115,0,0,17.68145519077196,50.24171555062859,EPS8
GO_Biological_Process_2023,Response To Copper Ion (GO:0046688),1/24,0.0583385530130099,0.1285660054552115,0,0,17.68145519077196,50.24171555062859,MT2A
GO_Biological_Process_2023,fatty-acyl-CoA Biosynthetic Process (GO:0046949),1/25,0.0606955298241754,0.1306639878159331,0,0,16.943877551020407,47.47480020477031,ELOVL7
GO_Biological_Process_2023,Regulation Of Monocyte Chemotaxis (GO:0090025),1/25,0.0606955298241754,0.1306639878159331,0,0,16.943877551020407,47.47480020477031,DUSP1
GO_Biological_Process_2023,Regulation Of Myelination (GO:0031641),1/25,0.0606955298241754,0.1306639878159331,0,0,16.943877551020407,47.47480020477031,PARD3
GO_Biological_Process_2023,Response To Zinc Ion (GO:0010043),1/25,0.0606955298241754,0.1306639878159331,0,0,16.943877551020407,47.47480020477031,MT2A
GO_Biological_Process_2023,Secretory Granule Organization (GO:0033363),1/25,0.0606955298241754,0.1306639878159331,0,0,16.943877551020407,47.47480020477031,SRGN
GO_Biological_Process_2023,Regulation Of Transcription By RNA Polymerase II (GO:0006357),9/2028,0.0619293497423124,0.1327057494478123,0,0,1.949516181640271,5.423088207664844,WWTR1;MECOM;IFI27;CEBPD;EPAS1;ID1;EBF1;ID3;DCN
GO_Biological_Process_2023,Negative Regulation Of Cell Migration (GO:0030336),2/163,0.0627088733106241,0.1332578504710465,0,0,5.121376811594203,14.182384623506447,CLDN5;PTPRG
GO_Biological_Process_2023,Establishment Or Maintenance Of Apical/Basal Cell Polarity (GO:0035088),1/26,0.0630467249540435,0.1332578504710465,0,0,16.26530612244898,44.95534064809558,PARD3
GO_Biological_Process_2023,Positive Regulation Of Phosphatidylinositol 3-Kinase Activity (GO:0043552),1/26,0.0630467249540435,0.1332578504710465,0,0,16.26530612244898,44.95534064809558,FLT1
GO_Biological_Process_2023,Negative Regulation Of Neurogenesis (GO:0050768),1/27,0.0653921522588676,0.135816057468052,0,0,15.638932496075354,42.652889831563165,B2M
GO_Biological_Process_2023,Regulation Of Immunoglobulin Production (GO:0002637),1/27,0.0653921522588676,0.135816057468052,0,0,15.638932496075354,42.652889831563165,HLA-E
GO_Biological_Process_2023,Regulation Of Mitochondrial Fission (GO:0090140),1/27,0.0653921522588676,0.135816057468052,0,0,15.638932496075354,42.652889831563165,DCN
GO_Biological_Process_2023,Regulation Of Cytokine Production (GO:0001817),2/167,0.0654253696190186,0.135816057468052,0,0,4.996212121212121,13.62389694635344,SRGN;HLA-B
GO_Biological_Process_2023,Vascular Endothelial Growth Factor Receptor Signaling Pathway (GO:0048010),1/28,0.0677318256109869,0.1387458101722859,0,0,15.058956916099774,40.54171043527237,FLT1
GO_Biological_Process_2023,Regulation Of Sodium Ion Transmembrane Transport (GO:1902305),1/28,0.0677318256109869,0.1387458101722859,0,0,15.058956916099774,40.54171043527237,UTRN
GO_Biological_Process_2023,Pyroptosis (GO:0070269),1/28,0.0677318256109869,0.1387458101722859,0,0,15.058956916099774,40.54171043527237,IFI27
GO_Biological_Process_2023,Cell-Cell Adhesion Via Plasma-Membrane Adhesion Molecules (GO:0098742),2/172,0.0688760185279422,0.1404708272609348,0,0,4.848039215686274,12.970673059288286,CLDN5;PTPRM
GO_Biological_Process_2023,Integrated Stress Response Signaling (GO:0140467),1/29,0.0700657588372089,0.1410414625943816,0,0,14.520408163265309,38.5999069065122,CEBPD
GO_Biological_Process_2023,Regulation Of Protein Modification By Small Protein Conjugation Or Removal (GO:1903320),1/29,0.0700657588372089,0.1410414625943816,0,0,14.520408163265309,38.5999069065122,EPAS1
GO_Biological_Process_2023,Peptidyl-Tyrosine Dephosphorylation (GO:0035335),1/29,0.0700657588372089,0.1410414625943816,0,0,14.520408163265309,38.5999069065122,DUSP1
GO_Biological_Process_2023,Positive Regulation Of Lipid Kinase Activity (GO:0090218),1/30,0.0723939657090184,0.1450999743736791,0,0,14.019000703729768,36.80874147674154,FLT1
GO_Biological_Process_2023,Antigen Processing And Presentation Of Exogenous Peptide Antigen (GO:0002478),1/31,0.0747164600026276,0.1484750166718882,0,0,13.551020408163266,35.15209038871121,HLA-E
GO_Biological_Process_2023,Regulation Of Cell Morphogenesis (GO:0022604),1/31,0.0747164600026276,0.1484750166718882,0,0,13.551020408163266,35.15209038871121,SPARC
GO_Biological_Process_2023,Negative Regulation Of Fat Cell Differentiation (GO:0045599),1/32,0.0770332554327668,0.1511411973680868,0,0,13.113232389730086,33.61600807740255,WWTR1
GO_Biological_Process_2023,Very Long-Chain Fatty Acid Metabolic Process (GO:0000038),1/32,0.0770332554327668,0.1511411973680868,0,0,13.113232389730086,33.61600807740255,ELOVL7
GO_Biological_Process_2023,Regulation Of Natural Killer Cell Mediated Cytotoxicity (GO:0042269),1/32,0.0770332554327668,0.1511411973680868,0,0,13.113232389730086,33.61600807740255,HLA-E
GO_Biological_Process_2023,Negative Regulation Of Macromolecule Metabolic Process (GO:0010605),2/186,0.0788471335909125,0.1540500719318249,0,0,4.475996376811594,11.37012436768999,CLDN5;RBMS3
GO_Biological_Process_2023,Positive Regulation Of Cytokine Production Involved In Immune Response (GO:0002720),1/33,0.0793443657059371,0.1543729290931412,0,0,12.70280612244898,32.18837516559274,HLA-E
GO_Biological_Process_2023,Positive Regulation Of Immunoglobulin Production (GO:0002639),1/34,0.0816498044624026,0.1552066169917964,0,0,12.317254174397032,30.85861216573232,HLA-E
GO_Biological_Process_2023,Regulation Of Metal Ion Transport (GO:0010959),1/34,0.0816498044624026,0.1552066169917964,0,0,12.317254174397032,30.85861216573232,B2M
GO_Biological_Process_2023,Regulation Of Phosphatidylinositol 3-Kinase Activity (GO:0043551),1/34,0.0816498044624026,0.1552066169917964,0,0,12.317254174397032,30.85861216573232,FLT1
GO_Biological_Process_2023,Cellular Response To Vascular Endothelial Growth Factor Stimulus (GO:0035924),1/34,0.0816498044624026,0.1552066169917964,0,0,12.317254174397032,30.85861216573232,FLT1
GO_Biological_Process_2023,Negative Regulation Of JNK Cascade (GO:0046329),1/34,0.0816498044624026,0.1552066169917964,0,0,12.317254174397032,30.85861216573232,MECOM
GO_Biological_Process_2023,Intracellular Monoatomic Cation Homeostasis (GO:0030003),2/190,0.0817755293827744,0.1552066169917964,0,0,4.379875886524823,10.966233523351685,MT2A;B2M
GO_Biological_Process_2023,Transcription By RNA Polymerase II (GO:0006366),2/192,0.0832523822519886,0.1573673079153443,0,0,4.333333333333333,10.772140317863167,TSC22D1;CEBPD
GO_Biological_Process_2023,Regulation Of Cellular Senescence (GO:2000772),1/35,0.0839495853612937,0.1574054725524258,0,0,11.95438175270108,29.61744503578088,B2M
GO_Biological_Process_2023,Endoderm Formation (GO:0001706),1/35,0.0839495853612937,0.1574054725524258,0,0,11.95438175270108,29.61744503578088,DUSP1
GO_Biological_Process_2023,Regulation Of Intracellular Protein Transport (GO:0033157),1/36,0.0862437219743075,0.1597742259683387,0,0,11.612244897959185,28.456712045041098,IFI27
GO_Biological_Process_2023,Positive Regulation Of Phospholipase C Activity (GO:0010863),1/36,0.0862437219743075,0.1597742259683387,0,0,11.612244897959185,28.456712045041098,FLT1
GO_Biological_Process_2023,Regulation Of Peptidyl-Threonine Phosphorylation (GO:0010799),1/36,0.0862437219743075,0.1597742259683387,0,0,11.612244897959185,28.456712045041098,PARD3
GO_Biological_Process_2023,DNA-templated Transcription (GO:0006351),2/199,0.0884858252339979,0.1620767164132853,0,0,4.177876480541455,10.130986600028606,TSC22D1;CEBPD
GO_Biological_Process_2023,Regulation Of p38MAPK Cascade (GO:1900744),1/37,0.0885322278902676,0.1620767164132853,0,0,11.289115646258503,27.36920368672352,DUSP1
GO_Biological_Process_2023,Regulation Of Sodium Ion Transmembrane Transporter Activity (GO:2000649),1/37,0.0885322278902676,0.1620767164132853,0,0,11.289115646258503,27.36920368672352,UTRN
GO_Biological_Process_2023,Positive Regulation Of Production Of Molecular Mediator Of Immune Response (GO:0002702),1/38,0.0908151166313484,0.165604036210106,0,0,10.983452840595698,26.34852930034076,HLA-E
GO_Biological_Process_2023,Regulation Of MAPK Cascade (GO:0043408),2/204,0.0922833915179302,0.1671350069214888,0,0,4.073432343234323,9.706545652223769,FLT1;DUSP1
GO_Biological_Process_2023,Heterochromatin Organization (GO:0070828),1/39,0.0930924017046572,0.1671350069214888,0,0,10.693877551020408,25.38900533231373,MECOM
GO_Biological_Process_2023,Regulation Of Receptor-Mediated Endocytosis (GO:0048259),1/39,0.0930924017046572,0.1671350069214888,0,0,10.693877551020408,25.38900533231373,B2M
GO_Biological_Process_2023,Retina Homeostasis (GO:0001895),1/39,0.0930924017046572,0.1671350069214888,0,0,10.693877551020408,25.38900533231373,B2M
GO_Biological_Process_2023,Regulation Of Cell Migration (GO:0030334),3/434,0.0943327759416907,0.1685132336082467,0,0,2.8907044478451893,6.824740962285768,CLDN5;FLT1;TMSB10
GO_Biological_Process_2023,Regulation Of Canonical Wnt Signaling Pathway (GO:0060828),2/207,0.0945848472510804,0.1685132336082467,0,0,4.013211382113822,9.464187818681536,WWTR1;RBMS3
GO_Biological_Process_2023,Establishment Or Maintenance Of Epithelial Cell Apical/Basal Polarity (GO:0045197),1/40,0.0953640965755271,0.1686095243635746,0,0,10.419152276295131,24.485561288951835,PARD3
GO_Biological_Process_2023,Endothelial Cell Migration (GO:0043542),1/40,0.0953640965755271,0.1686095243635746,0,0,10.419152276295131,24.485561288951835,ID1
GO_Biological_Process_2023,Negative Regulation Of Proteolysis (GO:0045861),1/41,0.0976302146847681,0.1719623099561257,0,0,10.158163265306122,23.633660200289185,TIMP3
GO_Biological_Process_2023,Monocyte Chemotaxis (GO:0002548),1/42,0.0998907694703361,0.1752800294479483,0,0,9.909905425584869,22.829231064333683,FLT1
GO_Biological_Process_2023,Positive Regulation Of Receptor-Mediated Endocytosis (GO:0048260),1/43,0.1021457742794159,0.1759177223701052,0,0,9.673469387755102,22.068611238785657,B2M
GO_Biological_Process_2023,Learning (GO:0007612),1/43,0.1021457742794159,0.1759177223701052,0,0,9.673469387755102,22.068611238785657,CLDN5
GO_Biological_Process_2023,Positive Regulation Of Cell-Matrix Adhesion (GO:0001954),1/43,0.1021457742794159,0.1759177223701052,0,0,9.673469387755102,22.068611238785657,UTRN
GO_Biological_Process_2023,Regulation Of Cell-Cell Adhesion (GO:0022407),1/43,0.1021457742794159,0.1759177223701052,0,0,9.673469387755102,22.068611238785657,PTPRG
GO_Biological_Process_2023,Regulation Of Cellular Component Size (GO:0032535),1/43,0.1021457742794159,0.1759177223701052,0,0,9.673469387755102,22.068611238785657,EPS8
GO_Biological_Process_2023,Positive Regulation Of Osteoblast Differentiation (GO:0045669),1/44,0.1043952424647777,0.1791283680668695,0,0,9.448030374940672,21.34849709415977,WWTR1
GO_Biological_Process_2023,Negative Regulation Of Nucleic Acid-Templated Transcription (GO:1903507),3/456,0.1054553155240555,0.1802820651422273,0,0,2.747217134000282,6.1797769367214,MECOM;ID1;ID3
GO_Biological_Process_2023,Positive Regulation Of Innate Immune Response (GO:0045089),1/45,0.1066391873529346,0.1809752632084475,0,0,9.232838589981448,20.665901611884028,HLA-E
GO_Biological_Process_2023,Mitotic Nuclear Division (GO:0140014),1/45,0.1066391873529346,0.1809752632084475,0,0,9.232838589981448,20.665901611884028,EPS8
GO_Biological_Process_2023,Negative Regulation Of Cold-Induced Thermogenesis (GO:0120163),1/46,0.1088776222085674,0.1841021611890322,0,0,9.02721088435374,20.01811780873028,ID1
GO_Biological_Process_2023,Positive Regulation Of Epithelial To Mesenchymal Transition (GO:0010718),1/47,0.1111105603036554,0.1871971396420282,0,0,8.830523513753327,19.4026870705364,WWTR1
GO_Biological_Process_2023,Myelination (GO:0042552),1/48,0.1133380148369131,0.1895761758962755,0,0,8.642205818497612,18.81737166641443,PARD3
GO_Biological_Process_2023,Negative Regulation Of ERK1 And ERK2 Cascade (GO:0070373),1/48,0.1133380148369131,0.1895761758962755,0,0,8.642205818497612,18.81737166641443,TIMP3
GO_Biological_Process_2023,Positive Regulation Of Pathway-Restricted SMAD Protein Phosphorylation (GO:0010862),1/49,0.1155599990222406,0.1905510622175245,0,0,8.46173469387755,18.26013079359792,RBPMS
GO_Biological_Process_2023,Antibacterial Humoral Response (GO:0019731),1/49,0.1155599990222406,0.1905510622175245,0,0,8.46173469387755,18.26013079359792,HLA-E
GO_Biological_Process_2023,Regulation Of Mitotic Metaphase/Anaphase Transition (GO:0030071),1/49,0.1155599990222406,0.1905510622175245,0,0,8.46173469387755,18.26013079359792,DUSP1
GO_Biological_Process_2023,Regulation Of Cell Communication (GO:0010646),1/49,0.1155599990222406,0.1905510622175245,0,0,8.46173469387755,18.26013079359792,IGFBP7
GO_Biological_Process_2023,Regulation Of Epithelial Cell Migration (GO:0010632),1/50,0.1177765260040411,0.1921617003223828,0,0,8.28862973760933,17.7290996615035,PTPRG
GO_Biological_Process_2023,Regulation Of Interleukin-12 Production (GO:0032655),1/50,0.1177765260040411,0.1921617003223828,0,0,8.28862973760933,17.7290996615035,HLA-B
GO_Biological_Process_2023,Intracellular Iron Ion Homeostasis (GO:0006879),1/50,0.1177765260040411,0.1921617003223828,0,0,8.28862973760933,17.7290996615035,B2M
GO_Biological_Process_2023,Positive Regulation Of Cell Population Proliferation (GO:0008284),3/483,0.1197822479801692,0.1944050109713317,0,0,2.589095744680851,5.494267740560758,CLDN5;WWTR1;TSC22D1
GO_Biological_Process_2023,Negative Regulation Of MAP Kinase Activity (GO:0043407),1/51,0.1199876089220907,0.1944050109713317,0,0,8.122448979591837,17.22257115519733,DUSP1
GO_Biological_Process_2023,Regulation Of Protein Localization To Nucleus (GO:1900180),1/52,0.1221932608707862,0.1966085339270436,0,0,7.962785114045618,16.738979733033663,WWTR1
GO_Biological_Process_2023,Cardiac Muscle Tissue Development (GO:0048738),1/52,0.1221932608707862,0.1966085339270436,0,0,7.962785114045618,16.738979733033663,ADAMTS9
GO_Biological_Process_2023,Regulation Of Cell Population Proliferation (GO:0042127),4/766,0.1239230216951832,0.1980923805975525,0,0,2.189661074974324,4.572219683106164,CLDN5;WWTR1;TSC22D1;IGFBP7
GO_Biological_Process_2023,Negative Regulation Of Metabolic Process (GO:0009892),1/53,0.1243934949128716,0.1980923805975525,0,0,7.809262166405023,16.276887238960814,ID1
GO_Biological_Process_2023,Protein Homotetramerization (GO:0051289),1/53,0.1243934949128716,0.1980923805975525,0,0,7.809262166405023,16.276887238960814,B2M
GO_Biological_Process_2023,Negative Regulation Of Protein Catabolic Process (GO:0042177),1/54,0.1265883240687765,0.200216226843473,0,0,7.661532537543319,15.834970375184442,TIMP3
GO_Biological_Process_2023,Peptidyl-Tyrosine Modification (GO:0018212),1/54,0.1265883240687765,0.200216226843473,0,0,7.661532537543319,15.834970375184442,FLT1
GO_Biological_Process_2023,Regulation Of Mitotic Nuclear Division (GO:0007088),1/56,0.1309618198144747,0.2057339399112525,0,0,7.382189239332097,15.00687933540933,DUSP1
GO_Biological_Process_2023,Positive Regulation Of Cellular Metabolic Process (GO:0031325),1/56,0.1309618198144747,0.2057339399112525,0,0,7.382189239332097,15.00687933540933,B2M
GO_Biological_Process_2023,Membrane Lipid Biosynthetic Process (GO:0046467),1/57,0.1331405122852093,0.2084523172142166,0,0,7.25,14.618539131965724,ELOVL7
GO_Biological_Process_2023,Positive Regulation Of Mitochondrion Organization (GO:0010822),1/58,0.1353138517398134,0.210437929963255,0,0,7.122448979591836,14.246025949065045,DCN
GO_Biological_Process_2023,Regulation Of Bone Mineralization (GO:0030500),1/58,0.1353138517398134,0.210437929963255,0,0,7.122448979591836,14.246025949065045,SRGN
GO_Biological_Process_2023,Cellular Response To Chemokine (GO:1990869),1/59,0.1374818510452552,0.2130968691201455,0,0,6.999296270232231,13.8884471557023,DUSP1
GO_Biological_Process_2023,Negative Regulation Of Peptidase Activity (GO:0010466),1/60,0.1396445230534406,0.2150155735756619,0,0,6.88031822898651,13.544974303558986,TIMP3
GO_Biological_Process_2023,Homophilic Cell Adhesion Via Plasma Membrane Adhesion Molecules (GO:0007156),1/60,0.1396445230534406,0.2150155735756619,0,0,6.88031822898651,13.544974303558986,PTPRM
GO_Biological_Process_2023,Regulation Of Pathway-Restricted SMAD Protein Phosphorylation (GO:0060393),1/61,0.1418018805927374,0.2169009028803384,0,0,6.76530612244898,13.214837540593155,RBPMS
GO_Biological_Process_2023,Positive Regulation Of Cell Junction Assembly (GO:1901890),1/61,0.1418018805927374,0.2169009028803384,0,0,6.76530612244898,13.214837540593155,CLDN5
GO_Biological_Process_2023,Positive Regulation Of Signal Transduction (GO:0009967),2/266,0.1428070813555834,0.2177222715749058,0,0,3.107007575757576,6.047046555927847,VWF;LAMA2
GO_Biological_Process_2023,Negative Regulation Of Kinase Activity (GO:0033673),1/62,0.1439539364695556,0.2180409786916722,0,0,6.654064904650385,12.897320592663672,WWTR1
GO_Biological_Process_2023,Regulation Of T Cell Activation (GO:0050863),1/62,0.1439539364695556,0.2180409786916722,0,0,6.654064904650385,12.897320592663672,B2M
GO_Biological_Process_2023,Positive Regulation Of Macroautophagy (GO:0016239),1/64,0.1482421941802595,0.2230829135722352,0,0,6.442176870748299,12.297522293260638,DCN
GO_Biological_Process_2023,Negative Regulation Of Cell Death (GO:0060548),1/64,0.1482421941802595,0.2230829135722352,0,0,6.442176870748299,12.297522293260638,MECOM
GO_Biological_Process_2023,Fatty Acid Biosynthetic Process (GO:0006633),1/65,0.1503784214913892,0.2248423343842314,0,0,6.341198979591836,12.01403781811508,ELOVL7
GO_Biological_Process_2023,Regulation Of Cell-Matrix Adhesion (GO:0001952),1/65,0.1503784214913892,0.2248423343842314,0,0,6.341198979591836,12.01403781811508,UTRN
GO_Biological_Process_2023,Negative Regulation Of Endopeptidase Activity (GO:0010951),1/66,0.1525093979756266,0.2272976604444436,0,0,6.243328100470958,11.740759916332207,TIMP3
GO_Biological_Process_2023,Extrinsic Apoptotic Signaling Pathway (GO:0097191),1/67,0.1546351363099914,0.2275485391903355,0,0,6.148423005565863,11.477180657220888,IFI27
GO_Biological_Process_2023,Regulation Of Neurogenesis (GO:0050767),1/67,0.1546351363099914,0.2275485391903355,0,0,6.148423005565863,11.477180657220888,B2M
GO_Biological_Process_2023,Peptidyl-Tyrosine Phosphorylation (GO:0018108),1/67,0.1546351363099914,0.2275485391903355,0,0,6.148423005565863,11.477180657220888,FLT1
GO_Biological_Process_2023,Negative Regulation Of Cellular Catabolic Process (GO:0031330),1/67,0.1546351363099914,0.2275485391903355,0,0,6.148423005565863,11.477180657220888,TIMP3
GO_Biological_Process_2023,Cell-Cell Junction Organization (GO:0045216),1/68,0.1567556490806558,0.2294254386016449,0,0,6.056350898568383,11.222824361971773,CLDN5
GO_Biological_Process_2023,Positive Regulation Of Cell Differentiation (GO:0045597),2/283,0.157543301545723,0.2294254386016449,0,0,2.916518386714116,5.38988617732673,WWTR1;LAMA2
GO_Biological_Process_2023,Transmembrane Receptor Protein Tyrosine Kinase Signaling Pathway (GO:0007169),2/284,0.1584193142173303,0.2294254386016449,0,0,2.9060283687943262,5.354385963176766,FLT1;PTPRG
GO_Biological_Process_2023,Establishment Of Protein Localization To Membrane (GO:0090150),1/69,0.158870948881139,0.2294254386016449,0,0,5.966986794717887,10.977245117600177,PARD3
GO_Biological_Process_2023,Regulation Of Endopeptidase Activity (GO:0052548),1/69,0.158870948881139,0.2294254386016449,0,0,5.966986794717887,10.977245117600177,TIMP3
GO_Biological_Process_2023,Regulation Of Monoatomic Ion Transmembrane Transporter Activity (GO:0032412),1/69,0.158870948881139,0.2294254386016449,0,0,5.966986794717887,10.977245117600177,UTRN
GO_Biological_Process_2023,Protein K48-linked Ubiquitination (GO:0070936),1/70,0.1609810482853106,0.2317529023302459,0,0,5.880212954747116,10.740024519792764,IFI27
GO_Biological_Process_2023,Negative Regulation Of Protein Binding (GO:0032091),1/71,0.16308595979881,0.2326226113694683,0,0,5.795918367346939,10.51076961698872,B2M
GO_Biological_Process_2023,Cell-Cell Junction Assembly (GO:0007043),1/71,0.16308595979881,0.2326226113694683,0,0,5.795918367346939,10.51076961698872,CLDN5
GO_Biological_Process_2023,Positive Regulation Of Cell-Substrate Adhesion (GO:0010811),1/71,0.16308595979881,0.2326226113694683,0,0,5.795918367346939,10.51076961698872,UTRN
GO_Biological_Process_2023,Positive Regulation Of Protein Localization To Nucleus (GO:1900182),1/72,0.1651856959101235,0.2327616624188105,0,0,5.713998275366484,10.28911103101624,WWTR1
GO_Biological_Process_2023,Protein Targeting To Membrane (GO:0006612),1/72,0.1651856959101235,0.2327616624188105,0,0,5.713998275366484,10.28911103101624,PARD3
GO_Biological_Process_2023,Cellular Response To Hypoxia (GO:0071456),1/72,0.1651856959101235,0.2327616624188105,0,0,5.713998275366484,10.28911103101624,EPAS1
GO_Biological_Process_2023,Negative Regulation Of Cell Adhesion (GO:0007162),1/72,0.1651856959101235,0.2327616624188105,0,0,5.713998275366484,10.28911103101624,DUSP1
GO_Biological_Process_2023,Granulocyte Chemotaxis (GO:0071621),1/73,0.1672802691231711,0.2328901950367501,0,0,5.634353741496598,10.074701240888364,BSG
GO_Biological_Process_2023,Cellular Response To Decreased Oxygen Levels (GO:0036294),1/73,0.1672802691231711,0.2328901950367501,0,0,5.634353741496598,10.074701240888364,EPAS1
GO_Biological_Process_2023,Protein Tetramerization (GO:0051262),1/73,0.1672802691231711,0.2328901950367501,0,0,5.634353741496598,10.074701240888364,B2M
GO_Biological_Process_2023,Regulation Of Rho Protein Signal Transduction (GO:0035023),1/73,0.1672802691231711,0.2328901950367501,0,0,5.634353741496598,10.074701240888364,EPS8
GO_Biological_Process_2023,Positive Regulation Of Lymphocyte Proliferation (GO:0050671),1/74,0.1693696918266344,0.2350952438787613,0,0,5.556891249650545,9.867213018330611,HLA-E
GO_Biological_Process_2023,Regulation Of Fat Cell Differentiation (GO:0045598),1/75,0.1714539764404576,0.2365759615573079,0,0,5.4815223386651954,9.666337985731484,WWTR1
GO_Biological_Process_2023,Negative Regulation Of Phosphorylation (GO:0042326),1/75,0.1714539764404576,0.2365759615573079,0,0,5.4815223386651954,9.666337985731484,WWTR1
GO_Biological_Process_2023,Regulation Of Ras Protein Signal Transduction (GO:0046578),1/76,0.1735331353639065,0.2387364140361436,0,0,5.408163265306122,9.4717853003048,EPS8
GO_Biological_Process_2023,Sphingolipid Biosynthetic Process (GO:0030148),1/77,0.1756071809118701,0.2401686444824106,0,0,5.336734693877551,9.283280446293812,ELOVL7
GO_Biological_Process_2023,Cell Morphogenesis Involved In Neuron Differentiation (GO:0048667),1/77,0.1756071809118701,0.2401686444824106,0,0,5.336734693877551,9.283280446293812,PARD3
GO_Biological_Process_2023,Negative Regulation Of Protein Modification Process (GO:0031400),1/78,0.1776761254379788,0.2415771880954975,0,0,5.267161410018553,9.10056411919043,WWTR1
GO_Biological_Process_2023,Positive Regulation Of Tumor Necrosis Factor Production (GO:0032760),1/78,0.1776761254379788,0.2415771880954975,0,0,5.267161410018553,9.10056411919043,HLA-E
GO_Biological_Process_2023,Positive Regulation Of Endocytosis (GO:0045807),1/79,0.1797399811935544,0.2436708199854309,0,0,5.199372056514914,8.923391206941128,B2M
GO_Biological_Process_2023,Negative Regulation Of Protein Serine/Threonine Kinase Activity (GO:0071901),1/80,0.181798760490535,0.2457454175235429,0,0,5.133298889175924,8.751529842637671,DUSP1
GO_Biological_Process_2023,Positive Regulation Of Tumor Necrosis Factor Superfamily Cytokine Production (GO:1903557),1/82,0.1859011384602527,0.2505624040116449,0,0,5.00604686318972,8.422875391899517,HLA-E
GO_Biological_Process_2023,Regulation Of Epithelial To Mesenchymal Transition (GO:0010717),1/83,0.1879447615357932,0.2518568130090601,0,0,4.944748631159781,8.265677319811374,WWTR1
GO_Biological_Process_2023,Vascular Transport (GO:0010232),1/83,0.1879447615357932,0.2518568130090601,0,0,4.944748631159781,8.265677319811374,ABCB1
GO_Biological_Process_2023,Transport Across Blood-Brain Barrier (GO:0150104),1/85,0.1920169366451308,0.2522256371186041,0,0,4.826530612244898,7.964604221414354,ABCB1
GO_Biological_Process_2023,Regulation Of Kinase Activity (GO:0043549),1/85,0.1920169366451308,0.2522256371186041,0,0,4.826530612244898,7.964604221414354,FLT1
GO_Biological_Process_2023,Positive Regulation Of Protein Localization (GO:1903829),1/85,0.1920169366451308,0.2522256371186041,0,0,4.826530612244898,7.964604221414354,WWTR1
GO_Biological_Process_2023,Regulation Of Osteoblast Differentiation (GO:0045667),1/85,0.1920169366451308,0.2522256371186041,0,0,4.826530612244898,7.964604221414354,WWTR1
GO_Biological_Process_2023,Defense Response To Gram-positive Bacterium (GO:0050830),1/85,0.1920169366451308,0.2522256371186041,0,0,4.826530612244898,7.964604221414354,HLA-E
GO_Biological_Process_2023,Negative Regulation Of Cell Cycle (GO:0045786),1/85,0.1920169366451308,0.2522256371186041,0,0,4.826530612244898,7.964604221414354,DUSP1
GO_Biological_Process_2023,Positive Regulation Of Endothelial Cell Migration (GO:0010595),1/85,0.1920169366451308,0.2522256371186041,0,0,4.826530612244898,7.964604221414354,SPARC
GO_Biological_Process_2023,Negative Regulation Of Protein Kinase Activity (GO:0006469),1/88,0.1980877029036425,0.2580133945383579,0,0,4.659394792399718,7.5437717166037235,WWTR1
GO_Biological_Process_2023,Positive Regulation Of Plasma Membrane Bounded Cell Projection Assembly (GO:0120034),1/88,0.1980877029036425,0.2580133945383579,0,0,4.659394792399718,7.5437717166037235,EPS8
GO_Biological_Process_2023,Positive Regulation Of Cell Adhesion (GO:0045785),1/88,0.1980877029036425,0.2580133945383579,0,0,4.659394792399718,7.5437717166037235,LAMA2
GO_Biological_Process_2023,Regulation Of DNA-templated Transcription (GO:0006355),7/1922,0.2008956826618904,0.2609399230105561,0,0,1.5331228368449814,2.4606153888694764,WWTR1;MECOM;CEBPD;EPAS1;ID1;EBF1;ID3
GO_Biological_Process_2023,Regulation Of Epithelial Cell Proliferation (GO:0050678),1/91,0.2041137620931186,0.2629166187626043,0,0,4.503401360544218,7.156255051106618,B2M
GO_Biological_Process_2023,Positive Regulation Of MAP Kinase Activity (GO:0043406),1/91,0.2041137620931186,0.2629166187626043,0,0,4.503401360544218,7.156255051106618,FLT1
GO_Biological_Process_2023,Regulation Of Actin Cytoskeleton Organization (GO:0032956),1/91,0.2041137620931186,0.2629166187626043,0,0,4.503401360544218,7.156255051106618,EPS8
GO_Biological_Process_2023,Sphingolipid Metabolic Process (GO:0006665),1/94,0.2100954368002021,0.2683911486595988,0,0,4.357472021066491,6.79849904676328,ELOVL7
GO_Biological_Process_2023,Vesicle Organization (GO:0016050),1/94,0.2100954368002021,0.2683911486595988,0,0,4.357472021066491,6.79849904676328,SRGN
GO_Biological_Process_2023,Muscle Contraction (GO:0006936),1/94,0.2100954368002021,0.2683911486595988,0,0,4.357472021066491,6.79849904676328,UTRN
GO_Biological_Process_2023,Positive Regulation Of Transmembrane Receptor Protein Serine/Threonine Kinase Signaling Pathway (GO:0090100),1/95,0.2120795205832498,0.2687111091858614,0,0,4.310898827616153,6.685315939697291,RBPMS
GO_Biological_Process_2023,Cell Junction Assembly (GO:0034329),1/95,0.2120795205832498,0.2687111091858614,0,0,4.310898827616153,6.685315939697291,CLDN5
GO_Biological_Process_2023,Positive Regulation Of Epithelial Cell Migration (GO:0010634),1/95,0.2120795205832498,0.2687111091858614,0,0,4.310898827616153,6.685315939697291,SPARC
GO_Biological_Process_2023,Regulation Of Macroautophagy (GO:0016241),1/96,0.2140587201245348,0.2704818066790996,0,0,4.26530612244898,6.5749903239841245,DCN
GO_Biological_Process_2023,Positive Regulation Of Cold-Induced Thermogenesis (GO:0120162),1/98,0.2180025137484037,0.2747186148861998,0,0,4.176940879444562,6.362519703204576,EPAS1
GO_Biological_Process_2023,Protein Localization (GO:0008104),2/351,0.2188220798658953,0.2750061273990307,0,0,2.3401384909264564,3.5558317785950937,PARD3;ID1
GO_Biological_Process_2023,Axon Development (GO:0061564),1/99,0.2199671313012003,0.2757000432750893,0,0,4.134110787172012,6.26018948804807,PARD3
GO_Biological_Process_2023,Antimicrobial Humoral Response (GO:0019730),1/100,0.2219269115603851,0.2774086394504814,0,0,4.092145949288806,6.1603458876211565,HLA-E
GO_Biological_Process_2023,Hemopoiesis (GO:0030097),1/101,0.2238818662412048,0.2791020584508318,0,0,4.051020408163265,6.062906014187368,MECOM
GO_Biological_Process_2023,Activation Of GTPase Activity (GO:0090630),1/102,0.2258320069783284,0.2807804364837505,0,0,4.010709234188725,5.967790506031058,ARHGAP29
GO_Biological_Process_2023,Positive Regulation Of Kinase Activity (GO:0033674),1/104,0.2297178930745814,0.2840926071268095,0,0,3.932435109966317,5.78423168094792,FLT1
GO_Biological_Process_2023,Positive Regulation Of Vasculature Development (GO:1904018),1/104,0.2297178930745814,0.2840926071268095,0,0,3.932435109966317,5.78423168094792,FLT1
GO_Biological_Process_2023,Positive Regulation Of Macromolecule Metabolic Process (GO:0010604),2/364,0.2308123535024988,0.2846889771317293,0,0,2.2546040515653774,3.3055882286347837,CLDN5;RBMS3
GO_Biological_Process_2023,Positive Regulation Of T Cell Activation (GO:0050870),1/107,0.2355109070084182,0.2889513766725976,0,0,3.820562187139007,5.524525481436682,B2M
GO_Biological_Process_2023,Positive Regulation Of Autophagy (GO:0010508),1/107,0.2355109070084182,0.2889513766725976,0,0,3.820562187139007,5.524525481436682,DCN
GO_Biological_Process_2023,Positive Regulation Of Metabolic Process (GO:0009893),1/108,0.2374324069826741,0.2905422874919565,0,0,3.7846652679763495,5.441865346754643,EPAS1
GO_Biological_Process_2023,Extracellular Structure Organization (GO:0043062),1/109,0.239349173739861,0.2913543607042811,0,0,3.749433106575964,5.361058744932435,ADAMTS9
GO_Biological_Process_2023,Cell-Matrix Adhesion (GO:0007160),1/109,0.239349173739861,0.2913543607042811,0,0,3.749433106575964,5.361058744932435,ADAMTS9
GO_Biological_Process_2023,External Encapsulating Structure Organization (GO:0045229),1/110,0.241261218690496,0.2921522570080226,0,0,3.714847406852649,5.282048795926194,ADAMTS9
GO_Biological_Process_2023,Regulation Of JNK Cascade (GO:0046328),1/110,0.241261218690496,0.2921522570080226,0,0,3.714847406852649,5.282048795926194,MECOM
GO_Biological_Process_2023,RNA Metabolic Process (GO:0016070),1/111,0.2431685532271013,0.2929362104937879,0,0,3.6808905380333954,5.20478084558139,RBPMS
GO_Biological_Process_2023,Mitotic Cell Cycle Phase Transition (GO:0044772),1/111,0.2431685532271013,0.2929362104937879,0,0,3.6808905380333954,5.20478084558139,EPS8
GO_Biological_Process_2023,Negative Regulation Of Cell Population Proliferation (GO:0008285),2/379,0.24470533557908,0.2940257908120728,0,0,2.163240495137047,3.045194735705852,IGFBP7;B2M
GO_Biological_Process_2023,Negative Regulation Of Programmed Cell Death (GO:0043069),2/381,0.2465612635256485,0.2952201759931946,0,0,2.15160510114336,3.012558657024939,MECOM;TSC22D1
GO_Biological_Process_2023,Positive Regulation Of Cellular Component Organization (GO:0051130),1/113,0.2469691364760274,0.2952201759931946,0,0,3.614795918367347,5.055262825364014,ATP10A
GO_Biological_Process_2023,Regulation Of Interleukin-6 Production (GO:0032675),1/114,0.2488624078588274,0.2967205632162942,0,0,3.582625970742279,4.982913653406146,HLA-B
GO_Biological_Process_2023,Positive Regulation Of Multicellular Organismal Process (GO:0051240),2/387,0.252132817650411,0.2996180722316937,0,0,2.117424242424242,2.9173855885075546,WWTR1;EPAS1
GO_Biological_Process_2023,Negative Regulation Of DNA-templated Transcription (GO:0045892),4/1025,0.2531480899318741,0.2996180722316937,0,0,1.6121449559255632,2.214733506427913,MECOM;IFI27;ID1;ID3
GO_Biological_Process_2023,Positive Regulation Of Protein Serine/Threonine Kinase Activity (GO:0071902),1/117,0.2545142764118688,0.2996180722316937,0,0,3.4894440534834623,4.774949480472317,FLT1
GO_Biological_Process_2023,Protein Maturation (GO:0051604),1/117,0.2545142764118688,0.2996180722316937,0,0,3.4894440534834623,4.774949480472317,SRGN
GO_Biological_Process_2023,Protein Processing (GO:0016485),1/117,0.2545142764118688,0.2996180722316937,0,0,3.4894440534834623,4.774949480472317,SRGN
GO_Biological_Process_2023,Regulation Of Small GTPase Mediated Signal Transduction (GO:0051056),1/118,0.2563889548341396,0.3010627878734215,0,0,3.4594453165881736,4.708511372057024,ARHGAP29
GO_Biological_Process_2023,Regulation Of Protein Kinase Activity (GO:0045859),1/119,0.2582590130323782,0.3017347765328037,0,0,3.429955032860602,4.643446613966543,WWTR1
GO_Biological_Process_2023,Positive Regulation Of Angiogenesis (GO:0045766),1/119,0.2582590130323782,0.3017347765328037,0,0,3.429955032860602,4.643446613966543,FLT1
GO_Biological_Process_2023,Organonitrogen Compound Biosynthetic Process (GO:1901566),1/123,0.2656932663769877,0.3088684221632483,0,0,3.3168283706925394,4.396166676729281,ELOVL7
GO_Biological_Process_2023,Regulation Of Cell Motility (GO:2000145),1/123,0.2656932663769877,0.3088684221632483,0,0,3.3168283706925394,4.396166676729281,TMSB10
GO_Biological_Process_2023,Negative Regulation Of Growth (GO:0045926),1/124,0.2675403902734135,0.3102401034342575,0,0,3.2896963663514187,4.337414433160371,MT2A
GO_Biological_Process_2023,Protein-Containing Complex Organization (GO:0043933),1/126,0.2712209880572274,0.3137257697676883,0,0,3.236734693877551,4.223360488574632,PARD3
GO_Biological_Process_2023,Regulation Of Tumor Necrosis Factor Production (GO:0032680),1/127,0.2730544838638846,0.3142830074175899,0,0,3.2108843537414966,4.167997377843627,HLA-E
GO_Biological_Process_2023,Regulation Of Anatomical Structure Morphogenesis (GO:0022603),1/127,0.2730544838638846,0.3142830074175899,0,0,3.2108843537414966,4.167997377843627,SPARC
GO_Biological_Process_2023,Protein Homooligomerization (GO:0051260),1/129,0.2767079241059198,0.3169191741607209,0,0,3.1603954081632653,4.060453122404681,B2M
GO_Biological_Process_2023,Protein Targeting (GO:0006605),1/129,0.2767079241059198,0.3169191741607209,0,0,3.1603954081632653,4.060453122404681,PARD3
GO_Biological_Process_2023,Plasma Membrane Bounded Cell Projection Organization (GO:0120036),1/132,0.2821543693990505,0.3223631001733624,0,0,3.087552578283222,3.906683206158155,PTPRM
GO_Biological_Process_2023,Negative Regulation Of Cell Motility (GO:2000146),1/133,0.2839609038772722,0.3236319125071852,0,0,3.0640074211502784,3.857336278341556,CLDN5
GO_Biological_Process_2023,Protein Localization To Plasma Membrane (GO:0072659),1/137,0.2911425929329805,0.3310056374421416,0,0,2.9732893157262907,3.668866926816198,BSG
GO_Biological_Process_2023,Negative Regulation Of Transcription By RNA Polymerase II (GO:0000122),3/763,0.2977324504121457,0.3376721693698726,0,0,1.6117021276595744,1.952673851005435,IFI27;ID1;ID3
GO_Biological_Process_2023,Protein Localization To Cell Periphery (GO:1990778),1/142,0.3000204969826995,0.3394392484110834,0,0,2.8671298306556667,3.4517504575709377,BSG
GO_Biological_Process_2023,Positive Regulation Of Transferase Activity (GO:0051347),1/143,0.3017829564686885,0.3406045503833499,0,0,2.846795056050589,3.410594866305226,FLT1
GO_Biological_Process_2023,Actin Filament Organization (GO:0007015),1/144,0.3035410668561185,0.3417593125619736,0,0,2.826744683887541,3.370153465117457,EPS8
GO_Biological_Process_2023,Neuron Projection Morphogenesis (GO:0048812),1/146,0.307044282279795,0.344037569301457,0,0,2.7874736101337088,3.291346538126983,PARD3
GO_Biological_Process_2023,Positive Regulation Of Cellular Catabolic Process (GO:0031331),1/146,0.307044282279795,0.344037569301457,0,0,2.7874736101337088,3.291346538126983,DCN
GO_Biological_Process_2023,Axon Guidance (GO:0007411),1/149,0.3122667490151626,0.3490481689712755,0,0,2.7305570876999448,3.1780885451938787,PTPRM
GO_Biological_Process_2023,Neuron Development (GO:0048666),1/150,0.3139989845586295,0.3501427525653782,0,0,2.712094233666621,3.141596466170354,PTPRM
GO_Biological_Process_2023,Cellular Response To Growth Factor Stimulus (GO:0071363),1/155,0.3225962281219006,0.358869009752832,0,0,2.623376623376624,2.9679671260643183,FLT1
GO_Biological_Process_2023,Protein Autophosphorylation (GO:0046777),1/162,0.3344552195120095,0.3711734536350464,0,0,2.508429458740017,2.747363087126053,FLT1
GO_Biological_Process_2023,Positive Regulation Of Gene Expression (GO:0010628),2/480,0.3383207061635654,0.3745693532525189,0,0,1.697350069735007,1.8395218064731955,CLDN5;RBMS3
GO_Biological_Process_2023,Extracellular Matrix Organization (GO:0030198),1/176,0.3575660373570176,0.3949363595511002,0,0,2.306122448979592,2.3716975343886144,ADAMTS9
GO_Biological_Process_2023,Negative Regulation Of Cytokine Production (GO:0001818),1/178,0.3608027143922477,0.3975669720198938,0,0,2.279833967485299,2.3241173885161555,SRGN
GO_Biological_Process_2023,RNA Processing (GO:0006396),1/183,0.3688246532278824,0.4054455407824238,0,0,2.216640502354788,2.2109524751177334,RBPMS
GO_Biological_Process_2023,Axonogenesis (GO:0007409),1/188,0.3767479051184041,0.4130939365927509,0,0,2.1568263669104004,2.105448610107896,PARD3
GO_Biological_Process_2023,Positive Regulation Of DNA-templated Transcription (GO:0045893),4/1243,0.3775589743052024,0.4130939365927509,0,0,1.3131908621960209,1.2790853246280374,WWTR1;MECOM;EPAS1;DCN
GO_Biological_Process_2023,Neuron Projection Development (GO:0031175),1/192,0.3830162518398707,0.4168455750809888,0,0,2.111229832247035,2.02610052252205,PTPRM
GO_Biological_Process_2023,Protein Localization To Membrane (GO:0072657),1/192,0.3830162518398707,0.4168455750809888,0,0,2.111229832247035,2.02610052252205,BSG
GO_Biological_Process_2023,Regulation Of Signal Transduction (GO:0009966),1/193,0.3845736595908477,0.4168455750809888,0,0,2.100127551020408,2.006923755847897,IGFBP7
GO_Biological_Process_2023,Regulation Of Cell Differentiation (GO:0045595),1/193,0.3845736595908477,0.4168455750809888,0,0,2.100127551020408,2.006923755847897,CEBPD
GO_Biological_Process_2023,Regulation Of Programmed Cell Death (GO:0043067),1/195,0.3876769258565263,0.4192320244727552,0,0,2.0782663580896275,1.969329769675335,MECOM
GO_Biological_Process_2023,Endomembrane System Organization (GO:0010256),1/196,0.3892228030956766,0.419711402855017,0,0,2.0675039246467817,1.9509036102620232,SRGN
GO_Biological_Process_2023,Negative Regulation Of Cellular Process (GO:0048523),2/537,0.3899254323298223,0.419711402855017,0,0,1.5120716510903427,1.424068714007471,DUSP1;IGFBP7
GO_Biological_Process_2023,Defense Response To Bacterium (GO:0042742),1/204,0.4014529010595411,0.4311214757336873,0,0,1.9852216748768472,1.8118424588650803,HLA-E
GO_Biological_Process_2023,Negative Regulation Of Cell Differentiation (GO:0045596),1/207,0.4059770389691228,0.4349753988954887,0,0,1.9560134733505048,1.7632653144438126,WWTR1
GO_Biological_Process_2023,Positive Regulation Of Transcription By RNA Polymerase II (GO:0045944),3/938,0.4181223000126917,0.4469583207032221,0,0,1.298099897599272,1.1319188433640648,WWTR1;EPAS1;DCN
GO_Biological_Process_2023,Proteasomal Protein Catabolic Process (GO:0010498),1/220,0.4251974388254987,0.4534789198482957,0,0,1.8386916410399776,1.572452136273942,IFI27
GO_Biological_Process_2023,Positive Regulation Of Cell Motility (GO:2000147),1/221,0.4266504252883283,0.4539872946431869,0,0,1.8302411873840445,1.5589816483293069,FLT1
GO_Biological_Process_2023,Protein Polyubiquitination (GO:0000209),1/226,0.4338615380393307,0.4606064273705224,0,0,1.7891156462585034,1.493964938526657,IFI27
GO_Biological_Process_2023,Apoptotic Process (GO:0006915),1/228,0.4367210295579323,0.4615347244191785,0,0,1.7731727052054302,1.469003836799846,IFI27
GO_Biological_Process_2023,Chromatin Remodeling (GO:0006338),1/228,0.4367210295579323,0.4615347244191785,0,0,1.7731727052054302,1.469003836799846,MECOM
GO_Biological_Process_2023,Negative Regulation Of Intracellular Signal Transduction (GO:1902532),1/231,0.4409837467017168,0.4639308647427564,0,0,1.749778172138421,1.4326260836369302,DUSP1
GO_Biological_Process_2023,Positive Regulation Of Phosphorylation (GO:0042327),1/231,0.4409837467017168,0.4639308647427564,0,0,1.749778172138421,1.4326260836369302,FLT1
GO_Biological_Process_2023,Positive Regulation Of Developmental Process (GO:0051094),1/233,0.4438079780756616,0.4658481033977034,0,0,1.7345179451090782,1.4090587077635532,DCN
GO_Biological_Process_2023,Positive Regulation Of GTPase Activity (GO:0043547),1/234,0.4452148453049061,0.4662723042044625,0,0,1.7269860733993168,1.397474220429033,ARHGAP29
GO_Biological_Process_2023,Regulation Of Autophagy (GO:0010506),1/241,0.4549657351275156,0.4754136333354939,0,0,1.6760204081632653,1.319921665493096,DCN
GO_Biological_Process_2023,Regulation Of ERK1 And ERK2 Cascade (GO:0070372),1/244,0.4590930887709353,0.4786508660952577,0,0,1.655076845553036,1.2884811006593149,TIMP3
GO_Biological_Process_2023,Regulation Of Protein Phosphorylation (GO:0001932),1/265,0.4871391593898299,0.5067555013786821,0,0,1.521799628942486,1.0944865846364586,WWTR1
GO_Biological_Process_2023,Negative Regulation Of Signal Transduction (GO:0009968),1/267,0.4897346646287026,0.5083183460989882,0,0,1.510204081632653,1.0781219104526054,DCN
GO_Biological_Process_2023,Positive Regulation Of Cell Migration (GO:0030335),1/272,0.4961672405115914,0.5138480330465256,0,0,1.4819640033135024,1.0386229578078996,FLT1
GO_Biological_Process_2023,Gene Expression (GO:0010467),1/296,0.5259539383992272,0.5434857363458682,0,0,1.359737115185057,0.8736877155004001,RBPMS
GO_Biological_Process_2023,Regulation Of Cell Cycle (GO:0051726),1/298,0.5283567775332543,0.5447580965697633,0,0,1.3504432075860646,0.8615604955292901,MECOM
GO_Biological_Process_2023,Protein Modification Process (GO:0036211),2/711,0.5349486908392941,0.5503343832749376,0,0,1.1307592853784674,0.7073854161937532,PTPRM;PTPRG
GO_Biological_Process_2023,Regulation Of Gene Expression (GO:0010468),3/1127,0.5405697083303895,0.5548894357033799,0,0,1.0690921481032785,0.6576324492817172,CLDN5;WWTR1;RBMS3
GO_Biological_Process_2023,Positive Regulation Of MAPK Cascade (GO:0043410),1/310,0.5425251558593591,0.5556700384903128,0,0,1.2972062611452349,0.7932686422257892,FLT1
GO_Biological_Process_2023,Supramolecular Fiber Organization (GO:0097435),1/316,0.5494520719577651,0.5615279416711225,0,0,1.272108843537415,0.761781683906121,B2M
GO_Biological_Process_2023,Proteasome-Mediated Ubiquitin-Dependent Protein Catabolic Process (GO:0043161),1/319,0.5528768789956165,0.5637110564787986,0,0,1.2599152868694647,0.7466509270127912,IFI27
GO_Biological_Process_2023,Positive Regulation Of Cytokine Production (GO:0001819),1/320,0.5540128017436795,0.5637110564787986,0,0,1.255901733734246,0.7416947278731473,HLA-E
GO_Biological_Process_2023,Protein-Containing Complex Assembly (GO:0065003),1/328,0.5629989435283087,0.5716037308748113,0,0,1.2246770267740124,0.7035494301411569,PARD3
GO_Biological_Process_2023,Ubiquitin-Dependent Protein Catabolic Process (GO:0006511),1/367,0.6043270637522773,0.6122267639320456,0,0,1.0920040147206425,0.5499766085796418,IFI27
GO_Biological_Process_2023,Positive Regulation Of Protein Phosphorylation (GO:0001934),1/377,0.6142913197950082,0.6209683993579974,0,0,1.0624185844550589,0.5177017035662768,RBPMS
GO_Biological_Process_2023,Regulation Of Nucleic Acid-Templated Transcription (GO:1903506),1/452,0.6815788881588838,0.6874928047589609,0,0,0.8823476175392552,0.3382420279477241,WWTR1
GO_Biological_Process_2023,Negative Regulation Of Apoptotic Process (GO:0043066),1/482,0.7051444771556823,0.709723337396953,0,0,0.8260426831855403,0.2885801301950252,TSC22D1
GO_Biological_Process_2023,Protein Phosphorylation (GO:0006468),1/500,0.7184542048692922,0.7215576787564166,0,0,0.7955093861191771,0.263037813747176,FLT1
GO_Biological_Process_2023,Positive Regulation Of Nucleic Acid-Templated Transcription (GO:1903508),1/557,0.7568341869798493,0.7584652951414438,0,0,0.7118631625311995,0.1983329710699852,MECOM
GO_Biological_Process_2023,Regulation Of Apoptotic Process (GO:0042981),1/705,0.8341295929574697,0.8341295929574697,0,0,0.5579197588126159,0.1011879547487765,TSC22D1
