Cell Type,Term,Overlap,Adjusted P-value,Odds Ratio,Genes
Ast,Positive Regulation Of Lipid Metabolic Process (GO:0045834),3/24,0.007182741,60.57447,ZBTB20;SORBS1;APOE
Ast,Neuron Projection Morphogenesis (GO:0048812),5/146,0.007182741,15.60993,GPM6A;CTNND2;PARD3;TNIK;CTNNA2
Ast,Cellular Response To Organic Cyclic Compound (GO:0071407),5/152,0.007182741,14.96825,RORA;ATP1A2;ADCY2;CLU;RYR3
Ast,Regulation Of Lipid Biosynthetic Process (GO:0046890),3/28,0.007182741,50.87234,ZBTB20;APOE;SORBS1
Ast,L-aspartate Import Across Plasma Membrane (GO:0140009),2/5,0.007182741,277.0417,SLC1A2;SLC1A3
End,Negative Regulation Of Epithelial Cell Migration (GO:0010633),4/33,0.0005528645,59.73313,PTPRM;ADAMTS9;DCN;PTPRG
End,Negative Regulation Of Angiogenesis (GO:0016525),5/86,0.0005528645,27.25514,CLDN5;SPARC;PTPRM;ADAMTS9;DCN
End,Negative Regulation Of Blood Vessel Morphogenesis (GO:2000181),4/77,0.00602462,23.67719,CLDN5;SPARC;PTPRM;DCN
End,Protection From Natural Killer Cell Mediated Cytotoxicity (GO:0042270),2/5,0.00602462,277.0417,HLA-B;HLA-E
End,Regulation Of Endothelial Cell Migration (GO:0010594),4/88,0.00602462,20.56522,SPARC;PTPRM;ADAMTS9;DCN
Ex,Modulation Of Chemical Synaptic Transmission (GO:0050804),6/123,0.0002986377,23.11538,RIMS2;PPP3CA;GRM5;SYT1;DLGAP1;DLGAP2
Ex,Calcium-Mediated Signaling (GO:0019722),5/85,0.0005497466,27.59722,RYR2;CHRM3;PPP3CA;GRM5;SLC8A1
Ex,Ephrin Receptor Signaling Pathway (GO:0048013),4/43,0.0006482304,44.39465,CHN1;EFNA5;KALRN;ANKS1B
Ex,Regulation Of Exocytosis (GO:0017157),4/54,0.001073026,34.6087,RIMS2;CADPS2;SYT1;STXBP5L
Ex,Nervous System Development (GO:0007399),8/433,0.001073026,8.7507,CHRM3;RBFOX1;FGF14;NAV3;LDB2;EFNA5;KALRN;DCLK1
In,Neuron Development (GO:0048666),9/150,5.193024e-08,30.83913,ROBO2;CNTNAP2;TENM2;MEF2C;TENM3;ATP8A2;MYT1L;PTPRM;CNTN4
In,Modulation Of Chemical Synaptic Transmission (GO:0050804),8/123,1.604353e-07,32.853,GRIA1;MEF2C;NRG3;SYT1;GRIK1;DLGAP1;GRIK2;LRRC4C
In,Chemical Synaptic Transmission (GO:0007268),10/273,1.604353e-07,18.71388,GRIA1;GABRB2;KCND2;SYT1;GAD1;GRIK1;DLGAP1;GRIK2;GABRG3;GRIN2B
In,Anterograde Trans-Synaptic Signaling (GO:0098916),9/199,1.604353e-07,22.82927,GRIA1;GABRB2;KCND2;SYT1;GAD1;GRIK1;DLGAP1;GRIK2;GRIN2B
In,Regulation Of Trans-Synaptic Signaling (GO:0099177),5/36,2.583903e-06,71.39427,GRIA1;NRG3;GRIK1;GRIK2;LRRC4C
Mic,Positive Regulation Of B Cell Activation (GO:0050871),4/52,0.006328371,36.05435,CD74;MEF2C;PTPRC;INPP5D
Mic,Positive Regulation Of B Cell Proliferation (GO:0030890),3/29,0.01896017,48.91326,CD74;MEF2C;PTPRC
Mic,Synapse Pruning (GO:0098883),2/8,0.03346602,138.5,C1QB;C3
Mic,Regulation Of B Cell Proliferation (GO:0030888),3/44,0.03346602,30.99481,CD74;MEF2C;PTPRC
Mic,Melanocyte Differentiation (GO:0030318),2/11,0.03675052,92.31944,LRMDA;MEF2C
Oli,Neuron Projection Development (GO:0031175),5/192,0.02315958,11.74272,DOCK10;SHTN1;PLP1;GPM6B;FRYL
Oli,Axon Ensheathment In Central Nervous System (GO:0032291),2/7,0.02315958,166.2083,PLP1;GPM6B
Oli,Regulation Of Cell Motility (GO:2000145),4/123,0.02888322,14.49105,DOCK10;FRMD5;SPOCK3;ENPP2
Oli,Central Nervous System Myelination (GO:0022010),2/11,0.02888322,92.31944,PLP1;GPM6B
Oli,Negative Regulation Of Locomotion (GO:0040013),2/12,0.02888322,83.08333,FRMD5;SPOCK3
Opc,Nervous System Development (GO:0007399),13/433,1.27017e-08,16.33784,SEMA5A;NLGN1;DSCAM;NRXN1;GRIK1;FGF14;OPHN1;PTPRZ1;NRCAM;SOX6;MDGA2;BRINP3;ADGRL3
Opc,Synapse Assembly (GO:0007416),6/71,3.05798e-06,41.71678,GRID2;NLGN1;DSCAM;NRXN1;NRCAM;ADGRL3
Opc,Neuron Projection Guidance (GO:0097485),7/124,3.05798e-06,27.59511,SEMA5A;OPHN1;DSCAM;DCC;NRXN1;TNR;NRCAM
Opc,Axon Guidance (GO:0007411),7/149,8.149281e-06,22.70816,SEMA5A;OPHN1;DSCAM;DCC;NRXN1;TNR;NRCAM
Opc,Cell Junction Assembly (GO:0034329),6/95,1.01454e-05,30.43054,NLGN1;OPHN1;DSCAM;NRXN1;NRCAM;ADGRL3
