Term,NES,NOM p-val,FDR q-val
Translation (GO:0006412),-1.9418850695130403,0.0,0.0
Macromolecule Biosynthetic Process (GO:0009059),-1.8705733578713015,0.0,0.0
Cytoplasmic Translation (GO:0002181),-1.9369391203620439,0.0,0.0
Peptide Biosynthetic Process (GO:0043043),-1.912603832337523,0.0,0.0
Cellular Respiration (GO:0045333),-1.8011397623973464,0.0,0.0005532964507480229
Mitochondrial ATP Synthesis Coupled Electron Transport (GO:0042775),-1.7799302552758294,0.0,0.0011856352516029062
Aerobic Electron Transport Chain (GO:0019646),-1.7823132951924487,0.0,0.0012295476683289398
Ribosomal Large Subunit Biogenesis (GO:0042273),-1.760676863860974,0.0,0.0028817523476459524
Proton Motive Force-Driven ATP Synthesis (GO:0015986),-1.7413098096144906,0.0,0.006250200647338777
Ribosome Biogenesis (GO:0042254),-1.716030097727413,0.0,0.013161748904157514
Intracellular Monoatomic Cation Homeostasis (GO:0030003),-1.7185314770308588,0.0,0.01318689874282788
Regulation Of Type II Interferon Production (GO:0032649),-1.706168622639383,0.0,0.01482550746235087
Oxidative Phosphorylation (GO:0006119),-1.7070098073503277,0.0,0.015599886041923422
Aerobic Respiration (GO:0009060),-1.6980838176544877,0.0,0.01705997389806404
Proton Motive Force-Driven Mitochondrial ATP Synthesis (GO:0042776),-1.6917364693401806,0.0,0.017521054273687393
Ribonucleoprotein Complex Biogenesis (GO:0022613),-1.6938271132969318,0.0,0.01758253165710384
rRNA Processing (GO:0006364),-1.6792436291651613,0.0,0.02419315853270767
Ribosome Assembly (GO:0042255),-1.6625454176141559,0.0015600624024961,0.03791105310680898
Mitochondrial Respiratory Chain Complex I Assembly (GO:0032981),-1.6523238650211411,0.0,0.043736767059129426
NADH Dehydrogenase Complex Assembly (GO:0010257),-1.6523238650211411,0.0,0.043736767059129426
