name,NodeType
Translation (GO:0006412),Pathway
RPL35,Gene
RPL38,Gene
RPL10,Gene
RPS20,Gene
MRPL57,Gene
RPS27A,Gene
MRPL33,Gene
AURKAIP1,Gene
RPS16,Gene
RPL27,Gene
RPS27,Gene
RPL14,Gene
RPL36,Gene
FAU,Gene
MRPL20,Gene
RPS9,Gene
FARS2,Gene
RPL10A,Gene
MRPS21,Gene
RPL29,Gene
RPL35A,Gene
RPL15,Gene
RPL31,Gene
RPS6,Gene
RPL4,Gene
FASTKD2,Gene
RPS8,Gene
MRPS15,Gene
RPL23A,Gene
RPL37,Gene
RPL22,Gene
RPL32,Gene
RPL30,Gene
MRPL35,Gene
RPL19,Gene
RPL6,Gene
RPS26,Gene
RPL41,Gene
RPS28,Gene
RPL36AL,Gene
RARS2,Gene
RPL8,Gene
RPS4X,Gene
RPL13,Gene
MRPS26,Gene
RPS23,Gene
MRPS5,Gene
MRPS33,Gene
MRPL52,Gene
RPS11,Gene
RPS29,Gene
MRPL27,Gene
RPLP0,Gene
RWDD1,Gene
RPS13,Gene
RPS14,Gene
RPS2,Gene
RPL5,Gene
RPL28,Gene
MRPL9,Gene
RPL34,Gene
RPL27A,Gene
RPS7,Gene
MRPL45,Gene
RPS18,Gene
RPL7A,Gene
MRPL42,Gene
RPL13A,Gene
UBA52,Gene
RPS3A,Gene
Cytoplasmic Translation (GO:0002181),Pathway
EIF4A2,Gene
RPS3,Gene
RPS24,Gene
RPS19,Gene
RPS15A,Gene
Peptide Biosynthetic Process (GO:0043043),Pathway
PCSK5,Gene
DMD,Gene
Macromolecule Biosynthetic Process (GO:0009059),Pathway
SLC11A1,Gene
ABCF1,Gene
Cellular Respiration (GO:0045333),Pathway
UQCR10,Gene
COX7C,Gene
NDUFB9,Gene
NDUFA4,Gene
NDUFS6,Gene
NDUFS7,Gene
NDUFB11,Gene
NDUFA2,Gene
NDUFB5,Gene
COX5B,Gene
ETFDH,Gene
COX7A2,Gene
COX7B,Gene
NDUFB10,Gene
NDUFS3,Gene
NDUFB6,Gene
CYCS,Gene
UQCRH,Gene
NDUFA6,Gene
NDUFS5,Gene
NDUFB1,Gene
COX4I1,Gene
MTFR1L,Gene
NDUFA5,Gene
NDUFA12,Gene
COX5A,Gene
NDUFAB1,Gene
NDUFB3,Gene
NDUFC1,Gene
UQCRB,Gene
NDUFB7,Gene
NDUFB4,Gene
Aerobic Electron Transport Chain (GO:0019646),Pathway
Mitochondrial ATP Synthesis Coupled Electron Transport (GO:0042775),Pathway
Ribosomal Large Subunit Biogenesis (GO:0042273),Pathway
HEATR3,Gene
SDAD1,Gene
MRTO4,Gene
MALSU1,Gene
MDN1,Gene
RSL24D1,Gene
RPF2,Gene
Proton Motive Force-Driven ATP Synthesis (GO:0015986),Pathway
ATP5MC1,Gene
ATP5MG,Gene
ATP5F1B,Gene
ATP5MC2,Gene
VPS9D1,Gene
Intracellular Monoatomic Cation Homeostasis (GO:0030003),Pathway
FTH1,Gene
NDFIP1,Gene
SOD1,Gene
FTL,Gene
ATP1B1,Gene
CCR1,Gene
ATP1A1,Gene
ABCB7,Gene
SLC22A17,Gene
ATP2A2,Gene
ANK2,Gene
ISCU,Gene
CALR,Gene
TPT1,Gene
HAMP,Gene
ATP6V1A,Gene
RMDN3,Gene
SLC39A10,Gene
ATP13A3,Gene
ATP6V1G1,Gene
ATP2B4,Gene
Ribosome Biogenesis (GO:0042254),Pathway
PIN4,Gene
SNU13,Gene
DIS3,Gene
PNO1,Gene
DHX29,Gene
EIF2S1,Gene
RRP12,Gene
WDR46,Gene
FCF1,Gene
DKC1,Gene
WDR75,Gene
RRP36,Gene
NOL6,Gene
NAT10,Gene
NOM1,Gene
NOC2L,Gene
DNTTIP2,Gene
DCAF13,Gene
RPL11,Gene
NGDN,Gene
RPL7,Gene
WDR55,Gene
Oxidative Phosphorylation (GO:0006119),Pathway
NIPSNAP2,Gene
Regulation Of Type II Interferon Production (GO:0032649),Pathway
CD14,Gene
LAPTM5,Gene
SIRPA,Gene
PDE4D,Gene
SLC7A5,Gene
TLR7,Gene
HLA-DRB1,Gene
EBI3,Gene
DDIT3,Gene
TRIM27,Gene
MYDGF,Gene
Aerobic Respiration (GO:0009060),Pathway
Ribonucleoprotein Complex Biogenesis (GO:0022613),Pathway
Proton Motive Force-Driven Mitochondrial ATP Synthesis (GO:0042776),Pathway
rRNA Processing (GO:0006364),Pathway
RIOK3,Gene
TFB1M,Gene
NHP2,Gene
Ribosome Assembly (GO:0042255),Pathway
MTERF3,Gene
DDX3X,Gene
Intracellular Iron Ion Homeostasis (GO:0006879),Pathway
Mitochondrial Respiratory Chain Complex I Assembly (GO:0032981),Pathway
LYRM2,Gene
NDUFAF2,Gene
COA1,Gene
NDUFAF3,Gene
ECSIT,Gene
DMAC1,Gene
NADH Dehydrogenase Complex Assembly (GO:0010257),Pathway
Neurotransmitter Secretion (GO:0007269),Pathway
SYT1,Gene
RIMS2,Gene
SNAP25,Gene
RIMS1,Gene
SYN3,Gene
NRXN1,Gene
RPH3A,Gene
CPLX2,Gene
STX1A,Gene
RAB3A,Gene
SNPH,Gene
UNC13A,Gene
PTPRN2,Gene
LIN7A,Gene
CPLX1,Gene
SYN2,Gene
Monoatomic Cation Transmembrane Transport (GO:0098655),Pathway
SCN2A,Gene
KCND2,Gene
SLC6A7,Gene
CLU,Gene
GRIN2B,Gene
ATP6V0B,Gene
KCNQ5,Gene
SCN1B,Gene
ATP6V1F,Gene
TRPC1,Gene
KCNH1,Gene
ATP6AP2,Gene
TRPM3,Gene
HCN1,Gene
ASIC2,Gene
KCNB1,Gene
TRPM2,Gene
SLC39A1,Gene
KCNQ3,Gene
SCN2B,Gene
TRPC5,Gene
SLC4A4,Gene
KCNQ2,Gene
GRIN2A,Gene
ATP6V1B2,Gene
KCNB2,Gene
KCNC2,Gene
SLC6A17,Gene
SCN3B,Gene
HVCN1,Gene
ATP6V0E1,Gene
SLC6A1,Gene
KCNA1,Gene
ATP6V0D1,Gene
SLC9A9,Gene
KCNN1,Gene
KCNK10,Gene
ATP6V0A1,Gene
KCNN2,Gene
