Source,Target,NES,FDR,Pathway
Translation (GO:0006412),RPL35,-1.941885,0.0,Translation (GO:0006412)
Translation (GO:0006412),RPL38,-1.941885,0.0,Translation (GO:0006412)
Translation (GO:0006412),RPL10,-1.941885,0.0,Translation (GO:0006412)
Translation (GO:0006412),RPS20,-1.941885,0.0,Translation (GO:0006412)
Translation (GO:0006412),MRPL57,-1.941885,0.0,Translation (GO:0006412)
Translation (GO:0006412),RPS27A,-1.941885,0.0,Translation (GO:0006412)
Translation (GO:0006412),MRPL33,-1.941885,0.0,Translation (GO:0006412)
Translation (GO:0006412),AURKAIP1,-1.941885,0.0,Translation (GO:0006412)
Translation (GO:0006412),RPS16,-1.941885,0.0,Translation (GO:0006412)
Translation (GO:0006412),RPL27,-1.941885,0.0,Translation (GO:0006412)
Translation (GO:0006412),RPS27,-1.941885,0.0,Translation (GO:0006412)
Translation (GO:0006412),RPL14,-1.941885,0.0,Translation (GO:0006412)
Translation (GO:0006412),RPL36,-1.941885,0.0,Translation (GO:0006412)
Translation (GO:0006412),FAU,-1.941885,0.0,Translation (GO:0006412)
Translation (GO:0006412),MRPL20,-1.941885,0.0,Translation (GO:0006412)
Translation (GO:0006412),RPS9,-1.941885,0.0,Translation (GO:0006412)
Translation (GO:0006412),FARS2,-1.941885,0.0,Translation (GO:0006412)
Translation (GO:0006412),RPL10A,-1.941885,0.0,Translation (GO:0006412)
Translation (GO:0006412),MRPS21,-1.941885,0.0,Translation (GO:0006412)
Translation (GO:0006412),RPL29,-1.941885,0.0,Translation (GO:0006412)
Translation (GO:0006412),RPL35A,-1.941885,0.0,Translation (GO:0006412)
Translation (GO:0006412),RPL15,-1.941885,0.0,Translation (GO:0006412)
Translation (GO:0006412),RPL31,-1.941885,0.0,Translation (GO:0006412)
Translation (GO:0006412),RPS6,-1.941885,0.0,Translation (GO:0006412)
Translation (GO:0006412),RPL4,-1.941885,0.0,Translation (GO:0006412)
Translation (GO:0006412),FASTKD2,-1.941885,0.0,Translation (GO:0006412)
Translation (GO:0006412),RPS8,-1.941885,0.0,Translation (GO:0006412)
Translation (GO:0006412),MRPS15,-1.941885,0.0,Translation (GO:0006412)
Translation (GO:0006412),RPL23A,-1.941885,0.0,Translation (GO:0006412)
Translation (GO:0006412),RPL37,-1.941885,0.0,Translation (GO:0006412)
Translation (GO:0006412),RPL22,-1.941885,0.0,Translation (GO:0006412)
Translation (GO:0006412),RPL32,-1.941885,0.0,Translation (GO:0006412)
Translation (GO:0006412),RPL30,-1.941885,0.0,Translation (GO:0006412)
Translation (GO:0006412),MRPL35,-1.941885,0.0,Translation (GO:0006412)
Translation (GO:0006412),RPL19,-1.941885,0.0,Translation (GO:0006412)
Translation (GO:0006412),RPL6,-1.941885,0.0,Translation (GO:0006412)
Translation (GO:0006412),RPS26,-1.941885,0.0,Translation (GO:0006412)
Translation (GO:0006412),RPL41,-1.941885,0.0,Translation (GO:0006412)
Translation (GO:0006412),RPS28,-1.941885,0.0,Translation (GO:0006412)
Translation (GO:0006412),RPL36AL,-1.941885,0.0,Translation (GO:0006412)
Translation (GO:0006412),RARS2,-1.941885,0.0,Translation (GO:0006412)
Translation (GO:0006412),RPL8,-1.941885,0.0,Translation (GO:0006412)
Translation (GO:0006412),RPS4X,-1.941885,0.0,Translation (GO:0006412)
Translation (GO:0006412),RPL13,-1.941885,0.0,Translation (GO:0006412)
Translation (GO:0006412),MRPS26,-1.941885,0.0,Translation (GO:0006412)
Translation (GO:0006412),RPS23,-1.941885,0.0,Translation (GO:0006412)
Translation (GO:0006412),MRPS5,-1.941885,0.0,Translation (GO:0006412)
Translation (GO:0006412),MRPS33,-1.941885,0.0,Translation (GO:0006412)
Translation (GO:0006412),MRPL52,-1.941885,0.0,Translation (GO:0006412)
Translation (GO:0006412),RPS11,-1.941885,0.0,Translation (GO:0006412)
Translation (GO:0006412),RPS29,-1.941885,0.0,Translation (GO:0006412)
Translation (GO:0006412),MRPL27,-1.941885,0.0,Translation (GO:0006412)
Translation (GO:0006412),RPLP0,-1.941885,0.0,Translation (GO:0006412)
Translation (GO:0006412),RWDD1,-1.941885,0.0,Translation (GO:0006412)
Translation (GO:0006412),RPS13,-1.941885,0.0,Translation (GO:0006412)
Translation (GO:0006412),RPS14,-1.941885,0.0,Translation (GO:0006412)
Translation (GO:0006412),RPS2,-1.941885,0.0,Translation (GO:0006412)
Translation (GO:0006412),RPL5,-1.941885,0.0,Translation (GO:0006412)
Translation (GO:0006412),RPL28,-1.941885,0.0,Translation (GO:0006412)
Translation (GO:0006412),MRPL9,-1.941885,0.0,Translation (GO:0006412)
Translation (GO:0006412),RPL34,-1.941885,0.0,Translation (GO:0006412)
Translation (GO:0006412),RPL27A,-1.941885,0.0,Translation (GO:0006412)
Translation (GO:0006412),RPS7,-1.941885,0.0,Translation (GO:0006412)
Translation (GO:0006412),MRPL45,-1.941885,0.0,Translation (GO:0006412)
Translation (GO:0006412),RPS18,-1.941885,0.0,Translation (GO:0006412)
Translation (GO:0006412),RPL7A,-1.941885,0.0,Translation (GO:0006412)
Translation (GO:0006412),MRPL42,-1.941885,0.0,Translation (GO:0006412)
Translation (GO:0006412),RPL13A,-1.941885,0.0,Translation (GO:0006412)
Translation (GO:0006412),UBA52,-1.941885,0.0,Translation (GO:0006412)
Translation (GO:0006412),RPS3A,-1.941885,0.0,Translation (GO:0006412)
Cytoplasmic Translation (GO:0002181),RPL35,-1.936939,0.0,Cytoplasmic Translation (GO:0002181)
Cytoplasmic Translation (GO:0002181),RPL38,-1.936939,0.0,Cytoplasmic Translation (GO:0002181)
Cytoplasmic Translation (GO:0002181),RPL10,-1.936939,0.0,Cytoplasmic Translation (GO:0002181)
Cytoplasmic Translation (GO:0002181),RPS20,-1.936939,0.0,Cytoplasmic Translation (GO:0002181)
Cytoplasmic Translation (GO:0002181),RPS27A,-1.936939,0.0,Cytoplasmic Translation (GO:0002181)
Cytoplasmic Translation (GO:0002181),RPS16,-1.936939,0.0,Cytoplasmic Translation (GO:0002181)
Cytoplasmic Translation (GO:0002181),RPL27,-1.936939,0.0,Cytoplasmic Translation (GO:0002181)
Cytoplasmic Translation (GO:0002181),RPS27,-1.936939,0.0,Cytoplasmic Translation (GO:0002181)
Cytoplasmic Translation (GO:0002181),RPL14,-1.936939,0.0,Cytoplasmic Translation (GO:0002181)
Cytoplasmic Translation (GO:0002181),RPL36,-1.936939,0.0,Cytoplasmic Translation (GO:0002181)
Cytoplasmic Translation (GO:0002181),FAU,-1.936939,0.0,Cytoplasmic Translation (GO:0002181)
Cytoplasmic Translation (GO:0002181),EIF4A2,-1.936939,0.0,Cytoplasmic Translation (GO:0002181)
Cytoplasmic Translation (GO:0002181),RPS9,-1.936939,0.0,Cytoplasmic Translation (GO:0002181)
Cytoplasmic Translation (GO:0002181),RPL10A,-1.936939,0.0,Cytoplasmic Translation (GO:0002181)
Cytoplasmic Translation (GO:0002181),RPL29,-1.936939,0.0,Cytoplasmic Translation (GO:0002181)
Cytoplasmic Translation (GO:0002181),RPL35A,-1.936939,0.0,Cytoplasmic Translation (GO:0002181)
Cytoplasmic Translation (GO:0002181),RPL15,-1.936939,0.0,Cytoplasmic Translation (GO:0002181)
Cytoplasmic Translation (GO:0002181),RPL31,-1.936939,0.0,Cytoplasmic Translation (GO:0002181)
Cytoplasmic Translation (GO:0002181),RPS6,-1.936939,0.0,Cytoplasmic Translation (GO:0002181)
Cytoplasmic Translation (GO:0002181),RPL4,-1.936939,0.0,Cytoplasmic Translation (GO:0002181)
Cytoplasmic Translation (GO:0002181),RPS8,-1.936939,0.0,Cytoplasmic Translation (GO:0002181)
Cytoplasmic Translation (GO:0002181),RPL23A,-1.936939,0.0,Cytoplasmic Translation (GO:0002181)
Cytoplasmic Translation (GO:0002181),RPL37,-1.936939,0.0,Cytoplasmic Translation (GO:0002181)
Cytoplasmic Translation (GO:0002181),RPL22,-1.936939,0.0,Cytoplasmic Translation (GO:0002181)
Cytoplasmic Translation (GO:0002181),RPL32,-1.936939,0.0,Cytoplasmic Translation (GO:0002181)
Cytoplasmic Translation (GO:0002181),RPL30,-1.936939,0.0,Cytoplasmic Translation (GO:0002181)
Cytoplasmic Translation (GO:0002181),RPL19,-1.936939,0.0,Cytoplasmic Translation (GO:0002181)
Cytoplasmic Translation (GO:0002181),RPL6,-1.936939,0.0,Cytoplasmic Translation (GO:0002181)
Cytoplasmic Translation (GO:0002181),RPS26,-1.936939,0.0,Cytoplasmic Translation (GO:0002181)
Cytoplasmic Translation (GO:0002181),RPL41,-1.936939,0.0,Cytoplasmic Translation (GO:0002181)
Cytoplasmic Translation (GO:0002181),RPS28,-1.936939,0.0,Cytoplasmic Translation (GO:0002181)
Cytoplasmic Translation (GO:0002181),RPL36AL,-1.936939,0.0,Cytoplasmic Translation (GO:0002181)
Cytoplasmic Translation (GO:0002181),RPL8,-1.936939,0.0,Cytoplasmic Translation (GO:0002181)
Cytoplasmic Translation (GO:0002181),RPS4X,-1.936939,0.0,Cytoplasmic Translation (GO:0002181)
Cytoplasmic Translation (GO:0002181),RPL13,-1.936939,0.0,Cytoplasmic Translation (GO:0002181)
Cytoplasmic Translation (GO:0002181),RPS23,-1.936939,0.0,Cytoplasmic Translation (GO:0002181)
Cytoplasmic Translation (GO:0002181),RPS11,-1.936939,0.0,Cytoplasmic Translation (GO:0002181)
Cytoplasmic Translation (GO:0002181),RPS29,-1.936939,0.0,Cytoplasmic Translation (GO:0002181)
Cytoplasmic Translation (GO:0002181),RPLP0,-1.936939,0.0,Cytoplasmic Translation (GO:0002181)
Cytoplasmic Translation (GO:0002181),RWDD1,-1.936939,0.0,Cytoplasmic Translation (GO:0002181)
Cytoplasmic Translation (GO:0002181),RPS13,-1.936939,0.0,Cytoplasmic Translation (GO:0002181)
Cytoplasmic Translation (GO:0002181),RPS14,-1.936939,0.0,Cytoplasmic Translation (GO:0002181)
Cytoplasmic Translation (GO:0002181),RPS2,-1.936939,0.0,Cytoplasmic Translation (GO:0002181)
Cytoplasmic Translation (GO:0002181),RPL5,-1.936939,0.0,Cytoplasmic Translation (GO:0002181)
Cytoplasmic Translation (GO:0002181),RPL28,-1.936939,0.0,Cytoplasmic Translation (GO:0002181)
Cytoplasmic Translation (GO:0002181),RPL34,-1.936939,0.0,Cytoplasmic Translation (GO:0002181)
Cytoplasmic Translation (GO:0002181),RPL27A,-1.936939,0.0,Cytoplasmic Translation (GO:0002181)
Cytoplasmic Translation (GO:0002181),RPS7,-1.936939,0.0,Cytoplasmic Translation (GO:0002181)
Cytoplasmic Translation (GO:0002181),RPS18,-1.936939,0.0,Cytoplasmic Translation (GO:0002181)
Cytoplasmic Translation (GO:0002181),RPL7A,-1.936939,0.0,Cytoplasmic Translation (GO:0002181)
Cytoplasmic Translation (GO:0002181),RPL13A,-1.936939,0.0,Cytoplasmic Translation (GO:0002181)
Cytoplasmic Translation (GO:0002181),UBA52,-1.936939,0.0,Cytoplasmic Translation (GO:0002181)
Cytoplasmic Translation (GO:0002181),RPS3A,-1.936939,0.0,Cytoplasmic Translation (GO:0002181)
Cytoplasmic Translation (GO:0002181),RPS3,-1.936939,0.0,Cytoplasmic Translation (GO:0002181)
Cytoplasmic Translation (GO:0002181),RPS24,-1.936939,0.0,Cytoplasmic Translation (GO:0002181)
Cytoplasmic Translation (GO:0002181),RPS19,-1.936939,0.0,Cytoplasmic Translation (GO:0002181)
Cytoplasmic Translation (GO:0002181),RPS15A,-1.936939,0.0,Cytoplasmic Translation (GO:0002181)
Peptide Biosynthetic Process (GO:0043043),RPL35,-1.912604,0.0,Peptide Biosynthetic Process (GO:0043043)
Peptide Biosynthetic Process (GO:0043043),RPL38,-1.912604,0.0,Peptide Biosynthetic Process (GO:0043043)
Peptide Biosynthetic Process (GO:0043043),RPL10,-1.912604,0.0,Peptide Biosynthetic Process (GO:0043043)
Peptide Biosynthetic Process (GO:0043043),RPS20,-1.912604,0.0,Peptide Biosynthetic Process (GO:0043043)
Peptide Biosynthetic Process (GO:0043043),RPS27A,-1.912604,0.0,Peptide Biosynthetic Process (GO:0043043)
Peptide Biosynthetic Process (GO:0043043),RPS16,-1.912604,0.0,Peptide Biosynthetic Process (GO:0043043)
Peptide Biosynthetic Process (GO:0043043),RPL27,-1.912604,0.0,Peptide Biosynthetic Process (GO:0043043)
Peptide Biosynthetic Process (GO:0043043),RPS27,-1.912604,0.0,Peptide Biosynthetic Process (GO:0043043)
Peptide Biosynthetic Process (GO:0043043),RPL14,-1.912604,0.0,Peptide Biosynthetic Process (GO:0043043)
Peptide Biosynthetic Process (GO:0043043),RPL36,-1.912604,0.0,Peptide Biosynthetic Process (GO:0043043)
Peptide Biosynthetic Process (GO:0043043),FAU,-1.912604,0.0,Peptide Biosynthetic Process (GO:0043043)
Peptide Biosynthetic Process (GO:0043043),RPS9,-1.912604,0.0,Peptide Biosynthetic Process (GO:0043043)
Peptide Biosynthetic Process (GO:0043043),RPL10A,-1.912604,0.0,Peptide Biosynthetic Process (GO:0043043)
Peptide Biosynthetic Process (GO:0043043),MRPS21,-1.912604,0.0,Peptide Biosynthetic Process (GO:0043043)
Peptide Biosynthetic Process (GO:0043043),RPL29,-1.912604,0.0,Peptide Biosynthetic Process (GO:0043043)
Peptide Biosynthetic Process (GO:0043043),RPL35A,-1.912604,0.0,Peptide Biosynthetic Process (GO:0043043)
Peptide Biosynthetic Process (GO:0043043),RPL15,-1.912604,0.0,Peptide Biosynthetic Process (GO:0043043)
Peptide Biosynthetic Process (GO:0043043),RPL31,-1.912604,0.0,Peptide Biosynthetic Process (GO:0043043)
Peptide Biosynthetic Process (GO:0043043),RPS6,-1.912604,0.0,Peptide Biosynthetic Process (GO:0043043)
Peptide Biosynthetic Process (GO:0043043),RPL4,-1.912604,0.0,Peptide Biosynthetic Process (GO:0043043)
Peptide Biosynthetic Process (GO:0043043),RPS8,-1.912604,0.0,Peptide Biosynthetic Process (GO:0043043)
Peptide Biosynthetic Process (GO:0043043),PCSK5,-1.912604,0.0,Peptide Biosynthetic Process (GO:0043043)
Peptide Biosynthetic Process (GO:0043043),MRPS15,-1.912604,0.0,Peptide Biosynthetic Process (GO:0043043)
Peptide Biosynthetic Process (GO:0043043),RPL23A,-1.912604,0.0,Peptide Biosynthetic Process (GO:0043043)
Peptide Biosynthetic Process (GO:0043043),RPL37,-1.912604,0.0,Peptide Biosynthetic Process (GO:0043043)
Peptide Biosynthetic Process (GO:0043043),RPL22,-1.912604,0.0,Peptide Biosynthetic Process (GO:0043043)
Peptide Biosynthetic Process (GO:0043043),RPL32,-1.912604,0.0,Peptide Biosynthetic Process (GO:0043043)
Peptide Biosynthetic Process (GO:0043043),RPL30,-1.912604,0.0,Peptide Biosynthetic Process (GO:0043043)
Peptide Biosynthetic Process (GO:0043043),MRPL35,-1.912604,0.0,Peptide Biosynthetic Process (GO:0043043)
Peptide Biosynthetic Process (GO:0043043),RPL19,-1.912604,0.0,Peptide Biosynthetic Process (GO:0043043)
Peptide Biosynthetic Process (GO:0043043),RPL6,-1.912604,0.0,Peptide Biosynthetic Process (GO:0043043)
Peptide Biosynthetic Process (GO:0043043),RPS26,-1.912604,0.0,Peptide Biosynthetic Process (GO:0043043)
Peptide Biosynthetic Process (GO:0043043),RPL41,-1.912604,0.0,Peptide Biosynthetic Process (GO:0043043)
Peptide Biosynthetic Process (GO:0043043),RPS28,-1.912604,0.0,Peptide Biosynthetic Process (GO:0043043)
Peptide Biosynthetic Process (GO:0043043),RPL36AL,-1.912604,0.0,Peptide Biosynthetic Process (GO:0043043)
Peptide Biosynthetic Process (GO:0043043),RPL8,-1.912604,0.0,Peptide Biosynthetic Process (GO:0043043)
Peptide Biosynthetic Process (GO:0043043),RPS4X,-1.912604,0.0,Peptide Biosynthetic Process (GO:0043043)
Peptide Biosynthetic Process (GO:0043043),RPL13,-1.912604,0.0,Peptide Biosynthetic Process (GO:0043043)
Peptide Biosynthetic Process (GO:0043043),RPS23,-1.912604,0.0,Peptide Biosynthetic Process (GO:0043043)
Peptide Biosynthetic Process (GO:0043043),MRPS5,-1.912604,0.0,Peptide Biosynthetic Process (GO:0043043)
Peptide Biosynthetic Process (GO:0043043),MRPS33,-1.912604,0.0,Peptide Biosynthetic Process (GO:0043043)
Peptide Biosynthetic Process (GO:0043043),MRPL52,-1.912604,0.0,Peptide Biosynthetic Process (GO:0043043)
Peptide Biosynthetic Process (GO:0043043),RPS11,-1.912604,0.0,Peptide Biosynthetic Process (GO:0043043)
Peptide Biosynthetic Process (GO:0043043),RPS29,-1.912604,0.0,Peptide Biosynthetic Process (GO:0043043)
Peptide Biosynthetic Process (GO:0043043),MRPL27,-1.912604,0.0,Peptide Biosynthetic Process (GO:0043043)
Peptide Biosynthetic Process (GO:0043043),RPLP0,-1.912604,0.0,Peptide Biosynthetic Process (GO:0043043)
Peptide Biosynthetic Process (GO:0043043),RPS13,-1.912604,0.0,Peptide Biosynthetic Process (GO:0043043)
Peptide Biosynthetic Process (GO:0043043),RPS14,-1.912604,0.0,Peptide Biosynthetic Process (GO:0043043)
Peptide Biosynthetic Process (GO:0043043),RPS2,-1.912604,0.0,Peptide Biosynthetic Process (GO:0043043)
Peptide Biosynthetic Process (GO:0043043),RPL5,-1.912604,0.0,Peptide Biosynthetic Process (GO:0043043)
Peptide Biosynthetic Process (GO:0043043),RPL28,-1.912604,0.0,Peptide Biosynthetic Process (GO:0043043)
Peptide Biosynthetic Process (GO:0043043),MRPL9,-1.912604,0.0,Peptide Biosynthetic Process (GO:0043043)
Peptide Biosynthetic Process (GO:0043043),RPL34,-1.912604,0.0,Peptide Biosynthetic Process (GO:0043043)
Peptide Biosynthetic Process (GO:0043043),RPL27A,-1.912604,0.0,Peptide Biosynthetic Process (GO:0043043)
Peptide Biosynthetic Process (GO:0043043),RPS7,-1.912604,0.0,Peptide Biosynthetic Process (GO:0043043)
Peptide Biosynthetic Process (GO:0043043),RPS18,-1.912604,0.0,Peptide Biosynthetic Process (GO:0043043)
Peptide Biosynthetic Process (GO:0043043),RPL7A,-1.912604,0.0,Peptide Biosynthetic Process (GO:0043043)
Peptide Biosynthetic Process (GO:0043043),MRPL42,-1.912604,0.0,Peptide Biosynthetic Process (GO:0043043)
Peptide Biosynthetic Process (GO:0043043),DMD,-1.912604,0.0,Peptide Biosynthetic Process (GO:0043043)
Peptide Biosynthetic Process (GO:0043043),RPL13A,-1.912604,0.0,Peptide Biosynthetic Process (GO:0043043)
Macromolecule Biosynthetic Process (GO:0009059),RPL35,-1.870573,0.0,Macromolecule Biosynthetic Process (GO:0009059)
Macromolecule Biosynthetic Process (GO:0009059),SLC11A1,-1.870573,0.0,Macromolecule Biosynthetic Process (GO:0009059)
Macromolecule Biosynthetic Process (GO:0009059),RPL38,-1.870573,0.0,Macromolecule Biosynthetic Process (GO:0009059)
Macromolecule Biosynthetic Process (GO:0009059),RPL10,-1.870573,0.0,Macromolecule Biosynthetic Process (GO:0009059)
Macromolecule Biosynthetic Process (GO:0009059),RPS20,-1.870573,0.0,Macromolecule Biosynthetic Process (GO:0009059)
Macromolecule Biosynthetic Process (GO:0009059),RPS27A,-1.870573,0.0,Macromolecule Biosynthetic Process (GO:0009059)
Macromolecule Biosynthetic Process (GO:0009059),RPS16,-1.870573,0.0,Macromolecule Biosynthetic Process (GO:0009059)
Macromolecule Biosynthetic Process (GO:0009059),RPL27,-1.870573,0.0,Macromolecule Biosynthetic Process (GO:0009059)
Macromolecule Biosynthetic Process (GO:0009059),RPS27,-1.870573,0.0,Macromolecule Biosynthetic Process (GO:0009059)
Macromolecule Biosynthetic Process (GO:0009059),RPL14,-1.870573,0.0,Macromolecule Biosynthetic Process (GO:0009059)
Macromolecule Biosynthetic Process (GO:0009059),RPL36,-1.870573,0.0,Macromolecule Biosynthetic Process (GO:0009059)
Macromolecule Biosynthetic Process (GO:0009059),FAU,-1.870573,0.0,Macromolecule Biosynthetic Process (GO:0009059)
Macromolecule Biosynthetic Process (GO:0009059),RPS9,-1.870573,0.0,Macromolecule Biosynthetic Process (GO:0009059)
Macromolecule Biosynthetic Process (GO:0009059),RPL10A,-1.870573,0.0,Macromolecule Biosynthetic Process (GO:0009059)
Macromolecule Biosynthetic Process (GO:0009059),MRPS21,-1.870573,0.0,Macromolecule Biosynthetic Process (GO:0009059)
Macromolecule Biosynthetic Process (GO:0009059),RPL29,-1.870573,0.0,Macromolecule Biosynthetic Process (GO:0009059)
Macromolecule Biosynthetic Process (GO:0009059),RPL35A,-1.870573,0.0,Macromolecule Biosynthetic Process (GO:0009059)
Macromolecule Biosynthetic Process (GO:0009059),RPL15,-1.870573,0.0,Macromolecule Biosynthetic Process (GO:0009059)
Macromolecule Biosynthetic Process (GO:0009059),RPL31,-1.870573,0.0,Macromolecule Biosynthetic Process (GO:0009059)
Macromolecule Biosynthetic Process (GO:0009059),RPS6,-1.870573,0.0,Macromolecule Biosynthetic Process (GO:0009059)
Macromolecule Biosynthetic Process (GO:0009059),RPL4,-1.870573,0.0,Macromolecule Biosynthetic Process (GO:0009059)
Macromolecule Biosynthetic Process (GO:0009059),RPS8,-1.870573,0.0,Macromolecule Biosynthetic Process (GO:0009059)
Macromolecule Biosynthetic Process (GO:0009059),MRPS15,-1.870573,0.0,Macromolecule Biosynthetic Process (GO:0009059)
Macromolecule Biosynthetic Process (GO:0009059),RPL23A,-1.870573,0.0,Macromolecule Biosynthetic Process (GO:0009059)
Macromolecule Biosynthetic Process (GO:0009059),RPL37,-1.870573,0.0,Macromolecule Biosynthetic Process (GO:0009059)
Macromolecule Biosynthetic Process (GO:0009059),RPL22,-1.870573,0.0,Macromolecule Biosynthetic Process (GO:0009059)
Macromolecule Biosynthetic Process (GO:0009059),RPL32,-1.870573,0.0,Macromolecule Biosynthetic Process (GO:0009059)
Macromolecule Biosynthetic Process (GO:0009059),RPL30,-1.870573,0.0,Macromolecule Biosynthetic Process (GO:0009059)
Macromolecule Biosynthetic Process (GO:0009059),MRPL35,-1.870573,0.0,Macromolecule Biosynthetic Process (GO:0009059)
Macromolecule Biosynthetic Process (GO:0009059),RPL19,-1.870573,0.0,Macromolecule Biosynthetic Process (GO:0009059)
Macromolecule Biosynthetic Process (GO:0009059),RPL6,-1.870573,0.0,Macromolecule Biosynthetic Process (GO:0009059)
Macromolecule Biosynthetic Process (GO:0009059),RPS26,-1.870573,0.0,Macromolecule Biosynthetic Process (GO:0009059)
Macromolecule Biosynthetic Process (GO:0009059),RPL41,-1.870573,0.0,Macromolecule Biosynthetic Process (GO:0009059)
Macromolecule Biosynthetic Process (GO:0009059),RPS28,-1.870573,0.0,Macromolecule Biosynthetic Process (GO:0009059)
Macromolecule Biosynthetic Process (GO:0009059),RPL36AL,-1.870573,0.0,Macromolecule Biosynthetic Process (GO:0009059)
Macromolecule Biosynthetic Process (GO:0009059),RPL8,-1.870573,0.0,Macromolecule Biosynthetic Process (GO:0009059)
Macromolecule Biosynthetic Process (GO:0009059),RPS4X,-1.870573,0.0,Macromolecule Biosynthetic Process (GO:0009059)
Macromolecule Biosynthetic Process (GO:0009059),RPL13,-1.870573,0.0,Macromolecule Biosynthetic Process (GO:0009059)
Macromolecule Biosynthetic Process (GO:0009059),RPS23,-1.870573,0.0,Macromolecule Biosynthetic Process (GO:0009059)
Macromolecule Biosynthetic Process (GO:0009059),MRPS5,-1.870573,0.0,Macromolecule Biosynthetic Process (GO:0009059)
Macromolecule Biosynthetic Process (GO:0009059),MRPS33,-1.870573,0.0,Macromolecule Biosynthetic Process (GO:0009059)
Macromolecule Biosynthetic Process (GO:0009059),MRPL52,-1.870573,0.0,Macromolecule Biosynthetic Process (GO:0009059)
Macromolecule Biosynthetic Process (GO:0009059),RPS11,-1.870573,0.0,Macromolecule Biosynthetic Process (GO:0009059)
Macromolecule Biosynthetic Process (GO:0009059),RPS29,-1.870573,0.0,Macromolecule Biosynthetic Process (GO:0009059)
Macromolecule Biosynthetic Process (GO:0009059),MRPL27,-1.870573,0.0,Macromolecule Biosynthetic Process (GO:0009059)
Macromolecule Biosynthetic Process (GO:0009059),RPLP0,-1.870573,0.0,Macromolecule Biosynthetic Process (GO:0009059)
Macromolecule Biosynthetic Process (GO:0009059),RPS13,-1.870573,0.0,Macromolecule Biosynthetic Process (GO:0009059)
Macromolecule Biosynthetic Process (GO:0009059),RPS14,-1.870573,0.0,Macromolecule Biosynthetic Process (GO:0009059)
Macromolecule Biosynthetic Process (GO:0009059),RPS2,-1.870573,0.0,Macromolecule Biosynthetic Process (GO:0009059)
Macromolecule Biosynthetic Process (GO:0009059),RPL5,-1.870573,0.0,Macromolecule Biosynthetic Process (GO:0009059)
Macromolecule Biosynthetic Process (GO:0009059),RPL28,-1.870573,0.0,Macromolecule Biosynthetic Process (GO:0009059)
Macromolecule Biosynthetic Process (GO:0009059),MRPL9,-1.870573,0.0,Macromolecule Biosynthetic Process (GO:0009059)
Macromolecule Biosynthetic Process (GO:0009059),RPL34,-1.870573,0.0,Macromolecule Biosynthetic Process (GO:0009059)
Macromolecule Biosynthetic Process (GO:0009059),RPL27A,-1.870573,0.0,Macromolecule Biosynthetic Process (GO:0009059)
Macromolecule Biosynthetic Process (GO:0009059),RPS7,-1.870573,0.0,Macromolecule Biosynthetic Process (GO:0009059)
Macromolecule Biosynthetic Process (GO:0009059),RPS18,-1.870573,0.0,Macromolecule Biosynthetic Process (GO:0009059)
Macromolecule Biosynthetic Process (GO:0009059),RPL7A,-1.870573,0.0,Macromolecule Biosynthetic Process (GO:0009059)
Macromolecule Biosynthetic Process (GO:0009059),MRPL42,-1.870573,0.0,Macromolecule Biosynthetic Process (GO:0009059)
Macromolecule Biosynthetic Process (GO:0009059),RPL13A,-1.870573,0.0,Macromolecule Biosynthetic Process (GO:0009059)
Macromolecule Biosynthetic Process (GO:0009059),RPS3A,-1.870573,0.0,Macromolecule Biosynthetic Process (GO:0009059)
Macromolecule Biosynthetic Process (GO:0009059),RPS3,-1.870573,0.0,Macromolecule Biosynthetic Process (GO:0009059)
Macromolecule Biosynthetic Process (GO:0009059),RPS24,-1.870573,0.0,Macromolecule Biosynthetic Process (GO:0009059)
Macromolecule Biosynthetic Process (GO:0009059),RPS19,-1.870573,0.0,Macromolecule Biosynthetic Process (GO:0009059)
Macromolecule Biosynthetic Process (GO:0009059),ABCF1,-1.870573,0.0,Macromolecule Biosynthetic Process (GO:0009059)
Macromolecule Biosynthetic Process (GO:0009059),RPS15A,-1.870573,0.0,Macromolecule Biosynthetic Process (GO:0009059)
Cellular Respiration (GO:0045333),UQCR10,-1.80114,0.0005532965,Cellular Respiration (GO:0045333)
Cellular Respiration (GO:0045333),COX7C,-1.80114,0.0005532965,Cellular Respiration (GO:0045333)
Cellular Respiration (GO:0045333),NDUFB9,-1.80114,0.0005532965,Cellular Respiration (GO:0045333)
Cellular Respiration (GO:0045333),NDUFA4,-1.80114,0.0005532965,Cellular Respiration (GO:0045333)
Cellular Respiration (GO:0045333),NDUFS6,-1.80114,0.0005532965,Cellular Respiration (GO:0045333)
Cellular Respiration (GO:0045333),NDUFS7,-1.80114,0.0005532965,Cellular Respiration (GO:0045333)
Cellular Respiration (GO:0045333),NDUFB11,-1.80114,0.0005532965,Cellular Respiration (GO:0045333)
Cellular Respiration (GO:0045333),NDUFA2,-1.80114,0.0005532965,Cellular Respiration (GO:0045333)
Cellular Respiration (GO:0045333),NDUFB5,-1.80114,0.0005532965,Cellular Respiration (GO:0045333)
Cellular Respiration (GO:0045333),COX5B,-1.80114,0.0005532965,Cellular Respiration (GO:0045333)
Cellular Respiration (GO:0045333),ETFDH,-1.80114,0.0005532965,Cellular Respiration (GO:0045333)
Cellular Respiration (GO:0045333),COX7A2,-1.80114,0.0005532965,Cellular Respiration (GO:0045333)
Cellular Respiration (GO:0045333),COX7B,-1.80114,0.0005532965,Cellular Respiration (GO:0045333)
Cellular Respiration (GO:0045333),NDUFB10,-1.80114,0.0005532965,Cellular Respiration (GO:0045333)
Cellular Respiration (GO:0045333),NDUFS3,-1.80114,0.0005532965,Cellular Respiration (GO:0045333)
Cellular Respiration (GO:0045333),NDUFB6,-1.80114,0.0005532965,Cellular Respiration (GO:0045333)
Cellular Respiration (GO:0045333),CYCS,-1.80114,0.0005532965,Cellular Respiration (GO:0045333)
Cellular Respiration (GO:0045333),UQCRH,-1.80114,0.0005532965,Cellular Respiration (GO:0045333)
Cellular Respiration (GO:0045333),NDUFA6,-1.80114,0.0005532965,Cellular Respiration (GO:0045333)
Cellular Respiration (GO:0045333),NDUFS5,-1.80114,0.0005532965,Cellular Respiration (GO:0045333)
Cellular Respiration (GO:0045333),NDUFB1,-1.80114,0.0005532965,Cellular Respiration (GO:0045333)
Cellular Respiration (GO:0045333),COX4I1,-1.80114,0.0005532965,Cellular Respiration (GO:0045333)
Cellular Respiration (GO:0045333),MTFR1L,-1.80114,0.0005532965,Cellular Respiration (GO:0045333)
Cellular Respiration (GO:0045333),NDUFA5,-1.80114,0.0005532965,Cellular Respiration (GO:0045333)
Cellular Respiration (GO:0045333),NDUFA12,-1.80114,0.0005532965,Cellular Respiration (GO:0045333)
Cellular Respiration (GO:0045333),COX5A,-1.80114,0.0005532965,Cellular Respiration (GO:0045333)
Cellular Respiration (GO:0045333),NDUFAB1,-1.80114,0.0005532965,Cellular Respiration (GO:0045333)
Cellular Respiration (GO:0045333),NDUFB3,-1.80114,0.0005532965,Cellular Respiration (GO:0045333)
Cellular Respiration (GO:0045333),NDUFC1,-1.80114,0.0005532965,Cellular Respiration (GO:0045333)
Cellular Respiration (GO:0045333),UQCRB,-1.80114,0.0005532965,Cellular Respiration (GO:0045333)
Cellular Respiration (GO:0045333),NDUFB7,-1.80114,0.0005532965,Cellular Respiration (GO:0045333)
Cellular Respiration (GO:0045333),NDUFB4,-1.80114,0.0005532965,Cellular Respiration (GO:0045333)
Aerobic Electron Transport Chain (GO:0019646),UQCR10,-1.782313,0.001229548,Aerobic Electron Transport Chain (GO:0019646)
Aerobic Electron Transport Chain (GO:0019646),COX7C,-1.782313,0.001229548,Aerobic Electron Transport Chain (GO:0019646)
Aerobic Electron Transport Chain (GO:0019646),NDUFB9,-1.782313,0.001229548,Aerobic Electron Transport Chain (GO:0019646)
Aerobic Electron Transport Chain (GO:0019646),NDUFA4,-1.782313,0.001229548,Aerobic Electron Transport Chain (GO:0019646)
Aerobic Electron Transport Chain (GO:0019646),NDUFS6,-1.782313,0.001229548,Aerobic Electron Transport Chain (GO:0019646)
Aerobic Electron Transport Chain (GO:0019646),NDUFS7,-1.782313,0.001229548,Aerobic Electron Transport Chain (GO:0019646)
Aerobic Electron Transport Chain (GO:0019646),NDUFA2,-1.782313,0.001229548,Aerobic Electron Transport Chain (GO:0019646)
Aerobic Electron Transport Chain (GO:0019646),NDUFB5,-1.782313,0.001229548,Aerobic Electron Transport Chain (GO:0019646)
Aerobic Electron Transport Chain (GO:0019646),COX5B,-1.782313,0.001229548,Aerobic Electron Transport Chain (GO:0019646)
Aerobic Electron Transport Chain (GO:0019646),COX7A2,-1.782313,0.001229548,Aerobic Electron Transport Chain (GO:0019646)
Aerobic Electron Transport Chain (GO:0019646),COX7B,-1.782313,0.001229548,Aerobic Electron Transport Chain (GO:0019646)
Aerobic Electron Transport Chain (GO:0019646),NDUFB10,-1.782313,0.001229548,Aerobic Electron Transport Chain (GO:0019646)
Aerobic Electron Transport Chain (GO:0019646),NDUFS3,-1.782313,0.001229548,Aerobic Electron Transport Chain (GO:0019646)
Aerobic Electron Transport Chain (GO:0019646),NDUFB6,-1.782313,0.001229548,Aerobic Electron Transport Chain (GO:0019646)
Aerobic Electron Transport Chain (GO:0019646),CYCS,-1.782313,0.001229548,Aerobic Electron Transport Chain (GO:0019646)
Aerobic Electron Transport Chain (GO:0019646),UQCRH,-1.782313,0.001229548,Aerobic Electron Transport Chain (GO:0019646)
Aerobic Electron Transport Chain (GO:0019646),NDUFA6,-1.782313,0.001229548,Aerobic Electron Transport Chain (GO:0019646)
Aerobic Electron Transport Chain (GO:0019646),NDUFS5,-1.782313,0.001229548,Aerobic Electron Transport Chain (GO:0019646)
Aerobic Electron Transport Chain (GO:0019646),NDUFB1,-1.782313,0.001229548,Aerobic Electron Transport Chain (GO:0019646)
Aerobic Electron Transport Chain (GO:0019646),COX4I1,-1.782313,0.001229548,Aerobic Electron Transport Chain (GO:0019646)
Aerobic Electron Transport Chain (GO:0019646),NDUFA5,-1.782313,0.001229548,Aerobic Electron Transport Chain (GO:0019646)
Aerobic Electron Transport Chain (GO:0019646),COX5A,-1.782313,0.001229548,Aerobic Electron Transport Chain (GO:0019646)
Aerobic Electron Transport Chain (GO:0019646),NDUFAB1,-1.782313,0.001229548,Aerobic Electron Transport Chain (GO:0019646)
Aerobic Electron Transport Chain (GO:0019646),NDUFB3,-1.782313,0.001229548,Aerobic Electron Transport Chain (GO:0019646)
Aerobic Electron Transport Chain (GO:0019646),NDUFC1,-1.782313,0.001229548,Aerobic Electron Transport Chain (GO:0019646)
Aerobic Electron Transport Chain (GO:0019646),UQCRB,-1.782313,0.001229548,Aerobic Electron Transport Chain (GO:0019646)
Aerobic Electron Transport Chain (GO:0019646),NDUFB7,-1.782313,0.001229548,Aerobic Electron Transport Chain (GO:0019646)
Aerobic Electron Transport Chain (GO:0019646),NDUFB4,-1.782313,0.001229548,Aerobic Electron Transport Chain (GO:0019646)
Mitochondrial ATP Synthesis Coupled Electron Transport (GO:0042775),UQCR10,-1.77993,0.001185635,Mitochondrial ATP Synthesis Coupled Electron Transport (GO:0042775)
Mitochondrial ATP Synthesis Coupled Electron Transport (GO:0042775),COX7C,-1.77993,0.001185635,Mitochondrial ATP Synthesis Coupled Electron Transport (GO:0042775)
Mitochondrial ATP Synthesis Coupled Electron Transport (GO:0042775),NDUFB9,-1.77993,0.001185635,Mitochondrial ATP Synthesis Coupled Electron Transport (GO:0042775)
Mitochondrial ATP Synthesis Coupled Electron Transport (GO:0042775),NDUFA4,-1.77993,0.001185635,Mitochondrial ATP Synthesis Coupled Electron Transport (GO:0042775)
Mitochondrial ATP Synthesis Coupled Electron Transport (GO:0042775),NDUFS6,-1.77993,0.001185635,Mitochondrial ATP Synthesis Coupled Electron Transport (GO:0042775)
Mitochondrial ATP Synthesis Coupled Electron Transport (GO:0042775),NDUFS7,-1.77993,0.001185635,Mitochondrial ATP Synthesis Coupled Electron Transport (GO:0042775)
Mitochondrial ATP Synthesis Coupled Electron Transport (GO:0042775),NDUFA2,-1.77993,0.001185635,Mitochondrial ATP Synthesis Coupled Electron Transport (GO:0042775)
Mitochondrial ATP Synthesis Coupled Electron Transport (GO:0042775),NDUFB5,-1.77993,0.001185635,Mitochondrial ATP Synthesis Coupled Electron Transport (GO:0042775)
Mitochondrial ATP Synthesis Coupled Electron Transport (GO:0042775),COX5B,-1.77993,0.001185635,Mitochondrial ATP Synthesis Coupled Electron Transport (GO:0042775)
Mitochondrial ATP Synthesis Coupled Electron Transport (GO:0042775),COX7A2,-1.77993,0.001185635,Mitochondrial ATP Synthesis Coupled Electron Transport (GO:0042775)
Mitochondrial ATP Synthesis Coupled Electron Transport (GO:0042775),COX7B,-1.77993,0.001185635,Mitochondrial ATP Synthesis Coupled Electron Transport (GO:0042775)
Mitochondrial ATP Synthesis Coupled Electron Transport (GO:0042775),NDUFB10,-1.77993,0.001185635,Mitochondrial ATP Synthesis Coupled Electron Transport (GO:0042775)
Mitochondrial ATP Synthesis Coupled Electron Transport (GO:0042775),NDUFS3,-1.77993,0.001185635,Mitochondrial ATP Synthesis Coupled Electron Transport (GO:0042775)
Mitochondrial ATP Synthesis Coupled Electron Transport (GO:0042775),NDUFB6,-1.77993,0.001185635,Mitochondrial ATP Synthesis Coupled Electron Transport (GO:0042775)
Mitochondrial ATP Synthesis Coupled Electron Transport (GO:0042775),CYCS,-1.77993,0.001185635,Mitochondrial ATP Synthesis Coupled Electron Transport (GO:0042775)
Mitochondrial ATP Synthesis Coupled Electron Transport (GO:0042775),UQCRH,-1.77993,0.001185635,Mitochondrial ATP Synthesis Coupled Electron Transport (GO:0042775)
Mitochondrial ATP Synthesis Coupled Electron Transport (GO:0042775),NDUFA6,-1.77993,0.001185635,Mitochondrial ATP Synthesis Coupled Electron Transport (GO:0042775)
Mitochondrial ATP Synthesis Coupled Electron Transport (GO:0042775),NDUFS5,-1.77993,0.001185635,Mitochondrial ATP Synthesis Coupled Electron Transport (GO:0042775)
Mitochondrial ATP Synthesis Coupled Electron Transport (GO:0042775),NDUFB1,-1.77993,0.001185635,Mitochondrial ATP Synthesis Coupled Electron Transport (GO:0042775)
Mitochondrial ATP Synthesis Coupled Electron Transport (GO:0042775),COX4I1,-1.77993,0.001185635,Mitochondrial ATP Synthesis Coupled Electron Transport (GO:0042775)
Mitochondrial ATP Synthesis Coupled Electron Transport (GO:0042775),NDUFA5,-1.77993,0.001185635,Mitochondrial ATP Synthesis Coupled Electron Transport (GO:0042775)
Mitochondrial ATP Synthesis Coupled Electron Transport (GO:0042775),NDUFA12,-1.77993,0.001185635,Mitochondrial ATP Synthesis Coupled Electron Transport (GO:0042775)
Mitochondrial ATP Synthesis Coupled Electron Transport (GO:0042775),COX5A,-1.77993,0.001185635,Mitochondrial ATP Synthesis Coupled Electron Transport (GO:0042775)
Mitochondrial ATP Synthesis Coupled Electron Transport (GO:0042775),NDUFAB1,-1.77993,0.001185635,Mitochondrial ATP Synthesis Coupled Electron Transport (GO:0042775)
Mitochondrial ATP Synthesis Coupled Electron Transport (GO:0042775),NDUFB3,-1.77993,0.001185635,Mitochondrial ATP Synthesis Coupled Electron Transport (GO:0042775)
Mitochondrial ATP Synthesis Coupled Electron Transport (GO:0042775),NDUFC1,-1.77993,0.001185635,Mitochondrial ATP Synthesis Coupled Electron Transport (GO:0042775)
Mitochondrial ATP Synthesis Coupled Electron Transport (GO:0042775),UQCRB,-1.77993,0.001185635,Mitochondrial ATP Synthesis Coupled Electron Transport (GO:0042775)
Mitochondrial ATP Synthesis Coupled Electron Transport (GO:0042775),NDUFB7,-1.77993,0.001185635,Mitochondrial ATP Synthesis Coupled Electron Transport (GO:0042775)
Mitochondrial ATP Synthesis Coupled Electron Transport (GO:0042775),NDUFB4,-1.77993,0.001185635,Mitochondrial ATP Synthesis Coupled Electron Transport (GO:0042775)
Ribosomal Large Subunit Biogenesis (GO:0042273),RPL10,-1.760677,0.002881752,Ribosomal Large Subunit Biogenesis (GO:0042273)
Ribosomal Large Subunit Biogenesis (GO:0042273),RPL14,-1.760677,0.002881752,Ribosomal Large Subunit Biogenesis (GO:0042273)
Ribosomal Large Subunit Biogenesis (GO:0042273),MRPL20,-1.760677,0.002881752,Ribosomal Large Subunit Biogenesis (GO:0042273)
Ribosomal Large Subunit Biogenesis (GO:0042273),RPL35A,-1.760677,0.002881752,Ribosomal Large Subunit Biogenesis (GO:0042273)
Ribosomal Large Subunit Biogenesis (GO:0042273),RPL23A,-1.760677,0.002881752,Ribosomal Large Subunit Biogenesis (GO:0042273)
Ribosomal Large Subunit Biogenesis (GO:0042273),HEATR3,-1.760677,0.002881752,Ribosomal Large Subunit Biogenesis (GO:0042273)
Ribosomal Large Subunit Biogenesis (GO:0042273),RPL6,-1.760677,0.002881752,Ribosomal Large Subunit Biogenesis (GO:0042273)
Ribosomal Large Subunit Biogenesis (GO:0042273),SDAD1,-1.760677,0.002881752,Ribosomal Large Subunit Biogenesis (GO:0042273)
Ribosomal Large Subunit Biogenesis (GO:0042273),MRTO4,-1.760677,0.002881752,Ribosomal Large Subunit Biogenesis (GO:0042273)
Ribosomal Large Subunit Biogenesis (GO:0042273),RPLP0,-1.760677,0.002881752,Ribosomal Large Subunit Biogenesis (GO:0042273)
Ribosomal Large Subunit Biogenesis (GO:0042273),MALSU1,-1.760677,0.002881752,Ribosomal Large Subunit Biogenesis (GO:0042273)
Ribosomal Large Subunit Biogenesis (GO:0042273),MDN1,-1.760677,0.002881752,Ribosomal Large Subunit Biogenesis (GO:0042273)
Ribosomal Large Subunit Biogenesis (GO:0042273),RPL5,-1.760677,0.002881752,Ribosomal Large Subunit Biogenesis (GO:0042273)
Ribosomal Large Subunit Biogenesis (GO:0042273),RSL24D1,-1.760677,0.002881752,Ribosomal Large Subunit Biogenesis (GO:0042273)
Ribosomal Large Subunit Biogenesis (GO:0042273),RPF2,-1.760677,0.002881752,Ribosomal Large Subunit Biogenesis (GO:0042273)
Proton Motive Force-Driven ATP Synthesis (GO:0015986),ATP5MC1,-1.74131,0.006250201,Proton Motive Force-Driven ATP Synthesis (GO:0015986)
Proton Motive Force-Driven ATP Synthesis (GO:0015986),NDUFB9,-1.74131,0.006250201,Proton Motive Force-Driven ATP Synthesis (GO:0015986)
Proton Motive Force-Driven ATP Synthesis (GO:0015986),NDUFS6,-1.74131,0.006250201,Proton Motive Force-Driven ATP Synthesis (GO:0015986)
Proton Motive Force-Driven ATP Synthesis (GO:0015986),ATP5MG,-1.74131,0.006250201,Proton Motive Force-Driven ATP Synthesis (GO:0015986)
Proton Motive Force-Driven ATP Synthesis (GO:0015986),NDUFS7,-1.74131,0.006250201,Proton Motive Force-Driven ATP Synthesis (GO:0015986)
Proton Motive Force-Driven ATP Synthesis (GO:0015986),NDUFB11,-1.74131,0.006250201,Proton Motive Force-Driven ATP Synthesis (GO:0015986)
Proton Motive Force-Driven ATP Synthesis (GO:0015986),NDUFA2,-1.74131,0.006250201,Proton Motive Force-Driven ATP Synthesis (GO:0015986)
Proton Motive Force-Driven ATP Synthesis (GO:0015986),NDUFB5,-1.74131,0.006250201,Proton Motive Force-Driven ATP Synthesis (GO:0015986)
Proton Motive Force-Driven ATP Synthesis (GO:0015986),NDUFB10,-1.74131,0.006250201,Proton Motive Force-Driven ATP Synthesis (GO:0015986)
Proton Motive Force-Driven ATP Synthesis (GO:0015986),NDUFS3,-1.74131,0.006250201,Proton Motive Force-Driven ATP Synthesis (GO:0015986)
Proton Motive Force-Driven ATP Synthesis (GO:0015986),ATP5F1B,-1.74131,0.006250201,Proton Motive Force-Driven ATP Synthesis (GO:0015986)
Proton Motive Force-Driven ATP Synthesis (GO:0015986),NDUFB6,-1.74131,0.006250201,Proton Motive Force-Driven ATP Synthesis (GO:0015986)
Proton Motive Force-Driven ATP Synthesis (GO:0015986),NDUFA6,-1.74131,0.006250201,Proton Motive Force-Driven ATP Synthesis (GO:0015986)
Proton Motive Force-Driven ATP Synthesis (GO:0015986),ATP5MC2,-1.74131,0.006250201,Proton Motive Force-Driven ATP Synthesis (GO:0015986)
Proton Motive Force-Driven ATP Synthesis (GO:0015986),NDUFS5,-1.74131,0.006250201,Proton Motive Force-Driven ATP Synthesis (GO:0015986)
Proton Motive Force-Driven ATP Synthesis (GO:0015986),NDUFB1,-1.74131,0.006250201,Proton Motive Force-Driven ATP Synthesis (GO:0015986)
Proton Motive Force-Driven ATP Synthesis (GO:0015986),VPS9D1,-1.74131,0.006250201,Proton Motive Force-Driven ATP Synthesis (GO:0015986)
Proton Motive Force-Driven ATP Synthesis (GO:0015986),NDUFA5,-1.74131,0.006250201,Proton Motive Force-Driven ATP Synthesis (GO:0015986)
Proton Motive Force-Driven ATP Synthesis (GO:0015986),NDUFA12,-1.74131,0.006250201,Proton Motive Force-Driven ATP Synthesis (GO:0015986)
Proton Motive Force-Driven ATP Synthesis (GO:0015986),NDUFAB1,-1.74131,0.006250201,Proton Motive Force-Driven ATP Synthesis (GO:0015986)
Proton Motive Force-Driven ATP Synthesis (GO:0015986),NDUFB3,-1.74131,0.006250201,Proton Motive Force-Driven ATP Synthesis (GO:0015986)
Proton Motive Force-Driven ATP Synthesis (GO:0015986),NDUFC1,-1.74131,0.006250201,Proton Motive Force-Driven ATP Synthesis (GO:0015986)
Proton Motive Force-Driven ATP Synthesis (GO:0015986),NDUFB7,-1.74131,0.006250201,Proton Motive Force-Driven ATP Synthesis (GO:0015986)
Proton Motive Force-Driven ATP Synthesis (GO:0015986),NDUFB4,-1.74131,0.006250201,Proton Motive Force-Driven ATP Synthesis (GO:0015986)
Intracellular Monoatomic Cation Homeostasis (GO:0030003),FTH1,-1.718531,0.0131869,Intracellular Monoatomic Cation Homeostasis (GO:0030003)
Intracellular Monoatomic Cation Homeostasis (GO:0030003),NDFIP1,-1.718531,0.0131869,Intracellular Monoatomic Cation Homeostasis (GO:0030003)
Intracellular Monoatomic Cation Homeostasis (GO:0030003),SLC11A1,-1.718531,0.0131869,Intracellular Monoatomic Cation Homeostasis (GO:0030003)
Intracellular Monoatomic Cation Homeostasis (GO:0030003),SOD1,-1.718531,0.0131869,Intracellular Monoatomic Cation Homeostasis (GO:0030003)
Intracellular Monoatomic Cation Homeostasis (GO:0030003),FTL,-1.718531,0.0131869,Intracellular Monoatomic Cation Homeostasis (GO:0030003)
Intracellular Monoatomic Cation Homeostasis (GO:0030003),ATP1B1,-1.718531,0.0131869,Intracellular Monoatomic Cation Homeostasis (GO:0030003)
Intracellular Monoatomic Cation Homeostasis (GO:0030003),CCR1,-1.718531,0.0131869,Intracellular Monoatomic Cation Homeostasis (GO:0030003)
Intracellular Monoatomic Cation Homeostasis (GO:0030003),ATP1A1,-1.718531,0.0131869,Intracellular Monoatomic Cation Homeostasis (GO:0030003)
Intracellular Monoatomic Cation Homeostasis (GO:0030003),ABCB7,-1.718531,0.0131869,Intracellular Monoatomic Cation Homeostasis (GO:0030003)
Intracellular Monoatomic Cation Homeostasis (GO:0030003),SLC22A17,-1.718531,0.0131869,Intracellular Monoatomic Cation Homeostasis (GO:0030003)
Intracellular Monoatomic Cation Homeostasis (GO:0030003),ATP2A2,-1.718531,0.0131869,Intracellular Monoatomic Cation Homeostasis (GO:0030003)
Intracellular Monoatomic Cation Homeostasis (GO:0030003),ANK2,-1.718531,0.0131869,Intracellular Monoatomic Cation Homeostasis (GO:0030003)
Intracellular Monoatomic Cation Homeostasis (GO:0030003),ISCU,-1.718531,0.0131869,Intracellular Monoatomic Cation Homeostasis (GO:0030003)
Intracellular Monoatomic Cation Homeostasis (GO:0030003),CALR,-1.718531,0.0131869,Intracellular Monoatomic Cation Homeostasis (GO:0030003)
Intracellular Monoatomic Cation Homeostasis (GO:0030003),TPT1,-1.718531,0.0131869,Intracellular Monoatomic Cation Homeostasis (GO:0030003)
Intracellular Monoatomic Cation Homeostasis (GO:0030003),HAMP,-1.718531,0.0131869,Intracellular Monoatomic Cation Homeostasis (GO:0030003)
Intracellular Monoatomic Cation Homeostasis (GO:0030003),ATP6V1A,-1.718531,0.0131869,Intracellular Monoatomic Cation Homeostasis (GO:0030003)
Intracellular Monoatomic Cation Homeostasis (GO:0030003),RMDN3,-1.718531,0.0131869,Intracellular Monoatomic Cation Homeostasis (GO:0030003)
Intracellular Monoatomic Cation Homeostasis (GO:0030003),SLC39A10,-1.718531,0.0131869,Intracellular Monoatomic Cation Homeostasis (GO:0030003)
Intracellular Monoatomic Cation Homeostasis (GO:0030003),ATP13A3,-1.718531,0.0131869,Intracellular Monoatomic Cation Homeostasis (GO:0030003)
Intracellular Monoatomic Cation Homeostasis (GO:0030003),ATP6V1G1,-1.718531,0.0131869,Intracellular Monoatomic Cation Homeostasis (GO:0030003)
Intracellular Monoatomic Cation Homeostasis (GO:0030003),ATP2B4,-1.718531,0.0131869,Intracellular Monoatomic Cation Homeostasis (GO:0030003)
Ribosome Biogenesis (GO:0042254),RPS16,-1.71603,0.01316175,Ribosome Biogenesis (GO:0042254)
Ribosome Biogenesis (GO:0042254),RPL27,-1.71603,0.01316175,Ribosome Biogenesis (GO:0042254)
Ribosome Biogenesis (GO:0042254),RPS27,-1.71603,0.01316175,Ribosome Biogenesis (GO:0042254)
Ribosome Biogenesis (GO:0042254),RPL14,-1.71603,0.01316175,Ribosome Biogenesis (GO:0042254)
Ribosome Biogenesis (GO:0042254),RPS9,-1.71603,0.01316175,Ribosome Biogenesis (GO:0042254)
Ribosome Biogenesis (GO:0042254),PIN4,-1.71603,0.01316175,Ribosome Biogenesis (GO:0042254)
Ribosome Biogenesis (GO:0042254),RPL35A,-1.71603,0.01316175,Ribosome Biogenesis (GO:0042254)
Ribosome Biogenesis (GO:0042254),RPS6,-1.71603,0.01316175,Ribosome Biogenesis (GO:0042254)
Ribosome Biogenesis (GO:0042254),RPS8,-1.71603,0.01316175,Ribosome Biogenesis (GO:0042254)
Ribosome Biogenesis (GO:0042254),SNU13,-1.71603,0.01316175,Ribosome Biogenesis (GO:0042254)
Ribosome Biogenesis (GO:0042254),HEATR3,-1.71603,0.01316175,Ribosome Biogenesis (GO:0042254)
Ribosome Biogenesis (GO:0042254),DIS3,-1.71603,0.01316175,Ribosome Biogenesis (GO:0042254)
Ribosome Biogenesis (GO:0042254),RPS28,-1.71603,0.01316175,Ribosome Biogenesis (GO:0042254)
Ribosome Biogenesis (GO:0042254),PNO1,-1.71603,0.01316175,Ribosome Biogenesis (GO:0042254)
Ribosome Biogenesis (GO:0042254),RPS4X,-1.71603,0.01316175,Ribosome Biogenesis (GO:0042254)
Ribosome Biogenesis (GO:0042254),SDAD1,-1.71603,0.01316175,Ribosome Biogenesis (GO:0042254)
Ribosome Biogenesis (GO:0042254),RPS23,-1.71603,0.01316175,Ribosome Biogenesis (GO:0042254)
Ribosome Biogenesis (GO:0042254),MRTO4,-1.71603,0.01316175,Ribosome Biogenesis (GO:0042254)
Ribosome Biogenesis (GO:0042254),DHX29,-1.71603,0.01316175,Ribosome Biogenesis (GO:0042254)
Ribosome Biogenesis (GO:0042254),RPS11,-1.71603,0.01316175,Ribosome Biogenesis (GO:0042254)
Ribosome Biogenesis (GO:0042254),EIF2S1,-1.71603,0.01316175,Ribosome Biogenesis (GO:0042254)
Ribosome Biogenesis (GO:0042254),RRP12,-1.71603,0.01316175,Ribosome Biogenesis (GO:0042254)
Ribosome Biogenesis (GO:0042254),MALSU1,-1.71603,0.01316175,Ribosome Biogenesis (GO:0042254)
Ribosome Biogenesis (GO:0042254),RPS13,-1.71603,0.01316175,Ribosome Biogenesis (GO:0042254)
Ribosome Biogenesis (GO:0042254),WDR46,-1.71603,0.01316175,Ribosome Biogenesis (GO:0042254)
Ribosome Biogenesis (GO:0042254),RPS14,-1.71603,0.01316175,Ribosome Biogenesis (GO:0042254)
Ribosome Biogenesis (GO:0042254),FCF1,-1.71603,0.01316175,Ribosome Biogenesis (GO:0042254)
Ribosome Biogenesis (GO:0042254),RPL5,-1.71603,0.01316175,Ribosome Biogenesis (GO:0042254)
Ribosome Biogenesis (GO:0042254),RSL24D1,-1.71603,0.01316175,Ribosome Biogenesis (GO:0042254)
Ribosome Biogenesis (GO:0042254),DKC1,-1.71603,0.01316175,Ribosome Biogenesis (GO:0042254)
Ribosome Biogenesis (GO:0042254),RPF2,-1.71603,0.01316175,Ribosome Biogenesis (GO:0042254)
Ribosome Biogenesis (GO:0042254),WDR75,-1.71603,0.01316175,Ribosome Biogenesis (GO:0042254)
Ribosome Biogenesis (GO:0042254),RRP36,-1.71603,0.01316175,Ribosome Biogenesis (GO:0042254)
Ribosome Biogenesis (GO:0042254),RPS7,-1.71603,0.01316175,Ribosome Biogenesis (GO:0042254)
Ribosome Biogenesis (GO:0042254),RPS3A,-1.71603,0.01316175,Ribosome Biogenesis (GO:0042254)
Ribosome Biogenesis (GO:0042254),NOL6,-1.71603,0.01316175,Ribosome Biogenesis (GO:0042254)
Ribosome Biogenesis (GO:0042254),RPS24,-1.71603,0.01316175,Ribosome Biogenesis (GO:0042254)
Ribosome Biogenesis (GO:0042254),RPS19,-1.71603,0.01316175,Ribosome Biogenesis (GO:0042254)
Ribosome Biogenesis (GO:0042254),RPS15A,-1.71603,0.01316175,Ribosome Biogenesis (GO:0042254)
Ribosome Biogenesis (GO:0042254),NAT10,-1.71603,0.01316175,Ribosome Biogenesis (GO:0042254)
Ribosome Biogenesis (GO:0042254),NOM1,-1.71603,0.01316175,Ribosome Biogenesis (GO:0042254)
Ribosome Biogenesis (GO:0042254),NOC2L,-1.71603,0.01316175,Ribosome Biogenesis (GO:0042254)
Ribosome Biogenesis (GO:0042254),DNTTIP2,-1.71603,0.01316175,Ribosome Biogenesis (GO:0042254)
Ribosome Biogenesis (GO:0042254),DCAF13,-1.71603,0.01316175,Ribosome Biogenesis (GO:0042254)
Ribosome Biogenesis (GO:0042254),RPL11,-1.71603,0.01316175,Ribosome Biogenesis (GO:0042254)
Ribosome Biogenesis (GO:0042254),NGDN,-1.71603,0.01316175,Ribosome Biogenesis (GO:0042254)
Ribosome Biogenesis (GO:0042254),RPL7,-1.71603,0.01316175,Ribosome Biogenesis (GO:0042254)
Ribosome Biogenesis (GO:0042254),WDR55,-1.71603,0.01316175,Ribosome Biogenesis (GO:0042254)
Oxidative Phosphorylation (GO:0006119),NDUFB9,-1.70701,0.01559989,Oxidative Phosphorylation (GO:0006119)
Oxidative Phosphorylation (GO:0006119),NDUFS6,-1.70701,0.01559989,Oxidative Phosphorylation (GO:0006119)
Oxidative Phosphorylation (GO:0006119),ATP5MG,-1.70701,0.01559989,Oxidative Phosphorylation (GO:0006119)
Oxidative Phosphorylation (GO:0006119),NDUFS7,-1.70701,0.01559989,Oxidative Phosphorylation (GO:0006119)
Oxidative Phosphorylation (GO:0006119),NDUFB11,-1.70701,0.01559989,Oxidative Phosphorylation (GO:0006119)
Oxidative Phosphorylation (GO:0006119),NDUFA2,-1.70701,0.01559989,Oxidative Phosphorylation (GO:0006119)
Oxidative Phosphorylation (GO:0006119),NDUFB5,-1.70701,0.01559989,Oxidative Phosphorylation (GO:0006119)
Oxidative Phosphorylation (GO:0006119),NDUFB10,-1.70701,0.01559989,Oxidative Phosphorylation (GO:0006119)
Oxidative Phosphorylation (GO:0006119),NDUFS3,-1.70701,0.01559989,Oxidative Phosphorylation (GO:0006119)
Oxidative Phosphorylation (GO:0006119),ATP5F1B,-1.70701,0.01559989,Oxidative Phosphorylation (GO:0006119)
Oxidative Phosphorylation (GO:0006119),NIPSNAP2,-1.70701,0.01559989,Oxidative Phosphorylation (GO:0006119)
Oxidative Phosphorylation (GO:0006119),NDUFB6,-1.70701,0.01559989,Oxidative Phosphorylation (GO:0006119)
Oxidative Phosphorylation (GO:0006119),UQCRH,-1.70701,0.01559989,Oxidative Phosphorylation (GO:0006119)
Oxidative Phosphorylation (GO:0006119),NDUFA6,-1.70701,0.01559989,Oxidative Phosphorylation (GO:0006119)
Oxidative Phosphorylation (GO:0006119),NDUFS5,-1.70701,0.01559989,Oxidative Phosphorylation (GO:0006119)
Oxidative Phosphorylation (GO:0006119),NDUFB1,-1.70701,0.01559989,Oxidative Phosphorylation (GO:0006119)
Oxidative Phosphorylation (GO:0006119),NDUFA5,-1.70701,0.01559989,Oxidative Phosphorylation (GO:0006119)
Oxidative Phosphorylation (GO:0006119),NDUFA12,-1.70701,0.01559989,Oxidative Phosphorylation (GO:0006119)
Oxidative Phosphorylation (GO:0006119),NDUFAB1,-1.70701,0.01559989,Oxidative Phosphorylation (GO:0006119)
Oxidative Phosphorylation (GO:0006119),NDUFB3,-1.70701,0.01559989,Oxidative Phosphorylation (GO:0006119)
Oxidative Phosphorylation (GO:0006119),NDUFC1,-1.70701,0.01559989,Oxidative Phosphorylation (GO:0006119)
Oxidative Phosphorylation (GO:0006119),UQCRB,-1.70701,0.01559989,Oxidative Phosphorylation (GO:0006119)
Oxidative Phosphorylation (GO:0006119),NDUFB7,-1.70701,0.01559989,Oxidative Phosphorylation (GO:0006119)
Oxidative Phosphorylation (GO:0006119),NDUFB4,-1.70701,0.01559989,Oxidative Phosphorylation (GO:0006119)
Regulation Of Type II Interferon Production (GO:0032649),CD14,-1.706169,0.01482551,Regulation Of Type II Interferon Production (GO:0032649)
Regulation Of Type II Interferon Production (GO:0032649),LAPTM5,-1.706169,0.01482551,Regulation Of Type II Interferon Production (GO:0032649)
Regulation Of Type II Interferon Production (GO:0032649),SLC11A1,-1.706169,0.01482551,Regulation Of Type II Interferon Production (GO:0032649)
Regulation Of Type II Interferon Production (GO:0032649),SIRPA,-1.706169,0.01482551,Regulation Of Type II Interferon Production (GO:0032649)
Regulation Of Type II Interferon Production (GO:0032649),PDE4D,-1.706169,0.01482551,Regulation Of Type II Interferon Production (GO:0032649)
Regulation Of Type II Interferon Production (GO:0032649),SLC7A5,-1.706169,0.01482551,Regulation Of Type II Interferon Production (GO:0032649)
Regulation Of Type II Interferon Production (GO:0032649),TLR7,-1.706169,0.01482551,Regulation Of Type II Interferon Production (GO:0032649)
Regulation Of Type II Interferon Production (GO:0032649),HLA-DRB1,-1.706169,0.01482551,Regulation Of Type II Interferon Production (GO:0032649)
Regulation Of Type II Interferon Production (GO:0032649),EBI3,-1.706169,0.01482551,Regulation Of Type II Interferon Production (GO:0032649)
Regulation Of Type II Interferon Production (GO:0032649),DDIT3,-1.706169,0.01482551,Regulation Of Type II Interferon Production (GO:0032649)
Regulation Of Type II Interferon Production (GO:0032649),TRIM27,-1.706169,0.01482551,Regulation Of Type II Interferon Production (GO:0032649)
Regulation Of Type II Interferon Production (GO:0032649),MYDGF,-1.706169,0.01482551,Regulation Of Type II Interferon Production (GO:0032649)
Aerobic Respiration (GO:0009060),NDUFB9,-1.698084,0.01705997,Aerobic Respiration (GO:0009060)
Aerobic Respiration (GO:0009060),NDUFS6,-1.698084,0.01705997,Aerobic Respiration (GO:0009060)
Aerobic Respiration (GO:0009060),NDUFS7,-1.698084,0.01705997,Aerobic Respiration (GO:0009060)
Aerobic Respiration (GO:0009060),NDUFB11,-1.698084,0.01705997,Aerobic Respiration (GO:0009060)
Aerobic Respiration (GO:0009060),NDUFA2,-1.698084,0.01705997,Aerobic Respiration (GO:0009060)
Aerobic Respiration (GO:0009060),NDUFB5,-1.698084,0.01705997,Aerobic Respiration (GO:0009060)
Aerobic Respiration (GO:0009060),NDUFB10,-1.698084,0.01705997,Aerobic Respiration (GO:0009060)
Aerobic Respiration (GO:0009060),NDUFS3,-1.698084,0.01705997,Aerobic Respiration (GO:0009060)
Aerobic Respiration (GO:0009060),NIPSNAP2,-1.698084,0.01705997,Aerobic Respiration (GO:0009060)
Aerobic Respiration (GO:0009060),NDUFB6,-1.698084,0.01705997,Aerobic Respiration (GO:0009060)
Aerobic Respiration (GO:0009060),UQCRH,-1.698084,0.01705997,Aerobic Respiration (GO:0009060)
Aerobic Respiration (GO:0009060),NDUFA6,-1.698084,0.01705997,Aerobic Respiration (GO:0009060)
Aerobic Respiration (GO:0009060),NDUFS5,-1.698084,0.01705997,Aerobic Respiration (GO:0009060)
Aerobic Respiration (GO:0009060),NDUFB1,-1.698084,0.01705997,Aerobic Respiration (GO:0009060)
Aerobic Respiration (GO:0009060),MTFR1L,-1.698084,0.01705997,Aerobic Respiration (GO:0009060)
Aerobic Respiration (GO:0009060),NDUFA5,-1.698084,0.01705997,Aerobic Respiration (GO:0009060)
Aerobic Respiration (GO:0009060),NDUFA12,-1.698084,0.01705997,Aerobic Respiration (GO:0009060)
Aerobic Respiration (GO:0009060),NDUFAB1,-1.698084,0.01705997,Aerobic Respiration (GO:0009060)
Aerobic Respiration (GO:0009060),NDUFB3,-1.698084,0.01705997,Aerobic Respiration (GO:0009060)
Aerobic Respiration (GO:0009060),NDUFC1,-1.698084,0.01705997,Aerobic Respiration (GO:0009060)
Aerobic Respiration (GO:0009060),UQCRB,-1.698084,0.01705997,Aerobic Respiration (GO:0009060)
Aerobic Respiration (GO:0009060),NDUFB7,-1.698084,0.01705997,Aerobic Respiration (GO:0009060)
Aerobic Respiration (GO:0009060),NDUFB4,-1.698084,0.01705997,Aerobic Respiration (GO:0009060)
Ribonucleoprotein Complex Biogenesis (GO:0022613),RPL38,-1.693827,0.01758253,Ribonucleoprotein Complex Biogenesis (GO:0022613)
Ribonucleoprotein Complex Biogenesis (GO:0022613),RPS16,-1.693827,0.01758253,Ribonucleoprotein Complex Biogenesis (GO:0022613)
Ribonucleoprotein Complex Biogenesis (GO:0022613),RPS27,-1.693827,0.01758253,Ribonucleoprotein Complex Biogenesis (GO:0022613)
Ribonucleoprotein Complex Biogenesis (GO:0022613),RPL14,-1.693827,0.01758253,Ribonucleoprotein Complex Biogenesis (GO:0022613)
Ribonucleoprotein Complex Biogenesis (GO:0022613),RPS9,-1.693827,0.01758253,Ribonucleoprotein Complex Biogenesis (GO:0022613)
Ribonucleoprotein Complex Biogenesis (GO:0022613),RPL35A,-1.693827,0.01758253,Ribonucleoprotein Complex Biogenesis (GO:0022613)
Ribonucleoprotein Complex Biogenesis (GO:0022613),RPS6,-1.693827,0.01758253,Ribonucleoprotein Complex Biogenesis (GO:0022613)
Ribonucleoprotein Complex Biogenesis (GO:0022613),RPS8,-1.693827,0.01758253,Ribonucleoprotein Complex Biogenesis (GO:0022613)
Ribonucleoprotein Complex Biogenesis (GO:0022613),SNU13,-1.693827,0.01758253,Ribonucleoprotein Complex Biogenesis (GO:0022613)
Ribonucleoprotein Complex Biogenesis (GO:0022613),HEATR3,-1.693827,0.01758253,Ribonucleoprotein Complex Biogenesis (GO:0022613)
Ribonucleoprotein Complex Biogenesis (GO:0022613),RPS28,-1.693827,0.01758253,Ribonucleoprotein Complex Biogenesis (GO:0022613)
Ribonucleoprotein Complex Biogenesis (GO:0022613),PNO1,-1.693827,0.01758253,Ribonucleoprotein Complex Biogenesis (GO:0022613)
Ribonucleoprotein Complex Biogenesis (GO:0022613),RPS4X,-1.693827,0.01758253,Ribonucleoprotein Complex Biogenesis (GO:0022613)
Ribonucleoprotein Complex Biogenesis (GO:0022613),SDAD1,-1.693827,0.01758253,Ribonucleoprotein Complex Biogenesis (GO:0022613)
Ribonucleoprotein Complex Biogenesis (GO:0022613),RPS23,-1.693827,0.01758253,Ribonucleoprotein Complex Biogenesis (GO:0022613)
Ribonucleoprotein Complex Biogenesis (GO:0022613),MRTO4,-1.693827,0.01758253,Ribonucleoprotein Complex Biogenesis (GO:0022613)
Ribonucleoprotein Complex Biogenesis (GO:0022613),RPS11,-1.693827,0.01758253,Ribonucleoprotein Complex Biogenesis (GO:0022613)
Ribonucleoprotein Complex Biogenesis (GO:0022613),MALSU1,-1.693827,0.01758253,Ribonucleoprotein Complex Biogenesis (GO:0022613)
Ribonucleoprotein Complex Biogenesis (GO:0022613),RPS13,-1.693827,0.01758253,Ribonucleoprotein Complex Biogenesis (GO:0022613)
Ribonucleoprotein Complex Biogenesis (GO:0022613),WDR46,-1.693827,0.01758253,Ribonucleoprotein Complex Biogenesis (GO:0022613)
Ribonucleoprotein Complex Biogenesis (GO:0022613),RPS14,-1.693827,0.01758253,Ribonucleoprotein Complex Biogenesis (GO:0022613)
Ribonucleoprotein Complex Biogenesis (GO:0022613),FCF1,-1.693827,0.01758253,Ribonucleoprotein Complex Biogenesis (GO:0022613)
Ribonucleoprotein Complex Biogenesis (GO:0022613),RPL5,-1.693827,0.01758253,Ribonucleoprotein Complex Biogenesis (GO:0022613)
Ribonucleoprotein Complex Biogenesis (GO:0022613),RSL24D1,-1.693827,0.01758253,Ribonucleoprotein Complex Biogenesis (GO:0022613)
Ribonucleoprotein Complex Biogenesis (GO:0022613),RPF2,-1.693827,0.01758253,Ribonucleoprotein Complex Biogenesis (GO:0022613)
Ribonucleoprotein Complex Biogenesis (GO:0022613),WDR75,-1.693827,0.01758253,Ribonucleoprotein Complex Biogenesis (GO:0022613)
Ribonucleoprotein Complex Biogenesis (GO:0022613),RRP36,-1.693827,0.01758253,Ribonucleoprotein Complex Biogenesis (GO:0022613)
Ribonucleoprotein Complex Biogenesis (GO:0022613),RPS7,-1.693827,0.01758253,Ribonucleoprotein Complex Biogenesis (GO:0022613)
Ribonucleoprotein Complex Biogenesis (GO:0022613),RPS3A,-1.693827,0.01758253,Ribonucleoprotein Complex Biogenesis (GO:0022613)
Ribonucleoprotein Complex Biogenesis (GO:0022613),NOL6,-1.693827,0.01758253,Ribonucleoprotein Complex Biogenesis (GO:0022613)
Ribonucleoprotein Complex Biogenesis (GO:0022613),RPS24,-1.693827,0.01758253,Ribonucleoprotein Complex Biogenesis (GO:0022613)
Ribonucleoprotein Complex Biogenesis (GO:0022613),RPS19,-1.693827,0.01758253,Ribonucleoprotein Complex Biogenesis (GO:0022613)
Ribonucleoprotein Complex Biogenesis (GO:0022613),RPS15A,-1.693827,0.01758253,Ribonucleoprotein Complex Biogenesis (GO:0022613)
Ribonucleoprotein Complex Biogenesis (GO:0022613),NAT10,-1.693827,0.01758253,Ribonucleoprotein Complex Biogenesis (GO:0022613)
Ribonucleoprotein Complex Biogenesis (GO:0022613),NOM1,-1.693827,0.01758253,Ribonucleoprotein Complex Biogenesis (GO:0022613)
Ribonucleoprotein Complex Biogenesis (GO:0022613),NOC2L,-1.693827,0.01758253,Ribonucleoprotein Complex Biogenesis (GO:0022613)
Ribonucleoprotein Complex Biogenesis (GO:0022613),DNTTIP2,-1.693827,0.01758253,Ribonucleoprotein Complex Biogenesis (GO:0022613)
Ribonucleoprotein Complex Biogenesis (GO:0022613),RPL11,-1.693827,0.01758253,Ribonucleoprotein Complex Biogenesis (GO:0022613)
Ribonucleoprotein Complex Biogenesis (GO:0022613),NGDN,-1.693827,0.01758253,Ribonucleoprotein Complex Biogenesis (GO:0022613)
Ribonucleoprotein Complex Biogenesis (GO:0022613),RPL7,-1.693827,0.01758253,Ribonucleoprotein Complex Biogenesis (GO:0022613)
Proton Motive Force-Driven Mitochondrial ATP Synthesis (GO:0042776),NDUFB9,-1.691736,0.01752105,Proton Motive Force-Driven Mitochondrial ATP Synthesis (GO:0042776)
Proton Motive Force-Driven Mitochondrial ATP Synthesis (GO:0042776),NDUFS6,-1.691736,0.01752105,Proton Motive Force-Driven Mitochondrial ATP Synthesis (GO:0042776)
Proton Motive Force-Driven Mitochondrial ATP Synthesis (GO:0042776),ATP5MG,-1.691736,0.01752105,Proton Motive Force-Driven Mitochondrial ATP Synthesis (GO:0042776)
Proton Motive Force-Driven Mitochondrial ATP Synthesis (GO:0042776),NDUFS7,-1.691736,0.01752105,Proton Motive Force-Driven Mitochondrial ATP Synthesis (GO:0042776)
Proton Motive Force-Driven Mitochondrial ATP Synthesis (GO:0042776),NDUFB11,-1.691736,0.01752105,Proton Motive Force-Driven Mitochondrial ATP Synthesis (GO:0042776)
Proton Motive Force-Driven Mitochondrial ATP Synthesis (GO:0042776),NDUFA2,-1.691736,0.01752105,Proton Motive Force-Driven Mitochondrial ATP Synthesis (GO:0042776)
Proton Motive Force-Driven Mitochondrial ATP Synthesis (GO:0042776),NDUFB5,-1.691736,0.01752105,Proton Motive Force-Driven Mitochondrial ATP Synthesis (GO:0042776)
Proton Motive Force-Driven Mitochondrial ATP Synthesis (GO:0042776),NDUFB10,-1.691736,0.01752105,Proton Motive Force-Driven Mitochondrial ATP Synthesis (GO:0042776)
Proton Motive Force-Driven Mitochondrial ATP Synthesis (GO:0042776),NDUFS3,-1.691736,0.01752105,Proton Motive Force-Driven Mitochondrial ATP Synthesis (GO:0042776)
Proton Motive Force-Driven Mitochondrial ATP Synthesis (GO:0042776),ATP5F1B,-1.691736,0.01752105,Proton Motive Force-Driven Mitochondrial ATP Synthesis (GO:0042776)
Proton Motive Force-Driven Mitochondrial ATP Synthesis (GO:0042776),NDUFB6,-1.691736,0.01752105,Proton Motive Force-Driven Mitochondrial ATP Synthesis (GO:0042776)
Proton Motive Force-Driven Mitochondrial ATP Synthesis (GO:0042776),NDUFA6,-1.691736,0.01752105,Proton Motive Force-Driven Mitochondrial ATP Synthesis (GO:0042776)
Proton Motive Force-Driven Mitochondrial ATP Synthesis (GO:0042776),NDUFS5,-1.691736,0.01752105,Proton Motive Force-Driven Mitochondrial ATP Synthesis (GO:0042776)
Proton Motive Force-Driven Mitochondrial ATP Synthesis (GO:0042776),NDUFB1,-1.691736,0.01752105,Proton Motive Force-Driven Mitochondrial ATP Synthesis (GO:0042776)
Proton Motive Force-Driven Mitochondrial ATP Synthesis (GO:0042776),NDUFA5,-1.691736,0.01752105,Proton Motive Force-Driven Mitochondrial ATP Synthesis (GO:0042776)
Proton Motive Force-Driven Mitochondrial ATP Synthesis (GO:0042776),NDUFA12,-1.691736,0.01752105,Proton Motive Force-Driven Mitochondrial ATP Synthesis (GO:0042776)
Proton Motive Force-Driven Mitochondrial ATP Synthesis (GO:0042776),NDUFAB1,-1.691736,0.01752105,Proton Motive Force-Driven Mitochondrial ATP Synthesis (GO:0042776)
Proton Motive Force-Driven Mitochondrial ATP Synthesis (GO:0042776),NDUFB3,-1.691736,0.01752105,Proton Motive Force-Driven Mitochondrial ATP Synthesis (GO:0042776)
Proton Motive Force-Driven Mitochondrial ATP Synthesis (GO:0042776),NDUFC1,-1.691736,0.01752105,Proton Motive Force-Driven Mitochondrial ATP Synthesis (GO:0042776)
Proton Motive Force-Driven Mitochondrial ATP Synthesis (GO:0042776),NDUFB7,-1.691736,0.01752105,Proton Motive Force-Driven Mitochondrial ATP Synthesis (GO:0042776)
Proton Motive Force-Driven Mitochondrial ATP Synthesis (GO:0042776),NDUFB4,-1.691736,0.01752105,Proton Motive Force-Driven Mitochondrial ATP Synthesis (GO:0042776)
rRNA Processing (GO:0006364),RPS16,-1.679244,0.02419316,rRNA Processing (GO:0006364)
rRNA Processing (GO:0006364),RPL27,-1.679244,0.02419316,rRNA Processing (GO:0006364)
rRNA Processing (GO:0006364),RPS27,-1.679244,0.02419316,rRNA Processing (GO:0006364)
rRNA Processing (GO:0006364),RPL14,-1.679244,0.02419316,rRNA Processing (GO:0006364)
rRNA Processing (GO:0006364),PIN4,-1.679244,0.02419316,rRNA Processing (GO:0006364)
rRNA Processing (GO:0006364),RPL35A,-1.679244,0.02419316,rRNA Processing (GO:0006364)
rRNA Processing (GO:0006364),RPS6,-1.679244,0.02419316,rRNA Processing (GO:0006364)
rRNA Processing (GO:0006364),RIOK3,-1.679244,0.02419316,rRNA Processing (GO:0006364)
rRNA Processing (GO:0006364),SNU13,-1.679244,0.02419316,rRNA Processing (GO:0006364)
rRNA Processing (GO:0006364),DIS3,-1.679244,0.02419316,rRNA Processing (GO:0006364)
rRNA Processing (GO:0006364),TFB1M,-1.679244,0.02419316,rRNA Processing (GO:0006364)
rRNA Processing (GO:0006364),RPS28,-1.679244,0.02419316,rRNA Processing (GO:0006364)
rRNA Processing (GO:0006364),MRTO4,-1.679244,0.02419316,rRNA Processing (GO:0006364)
rRNA Processing (GO:0006364),RRP12,-1.679244,0.02419316,rRNA Processing (GO:0006364)
rRNA Processing (GO:0006364),RPS14,-1.679244,0.02419316,rRNA Processing (GO:0006364)
rRNA Processing (GO:0006364),RPL5,-1.679244,0.02419316,rRNA Processing (GO:0006364)
rRNA Processing (GO:0006364),DKC1,-1.679244,0.02419316,rRNA Processing (GO:0006364)
rRNA Processing (GO:0006364),RRP36,-1.679244,0.02419316,rRNA Processing (GO:0006364)
rRNA Processing (GO:0006364),RPS7,-1.679244,0.02419316,rRNA Processing (GO:0006364)
rRNA Processing (GO:0006364),NOL6,-1.679244,0.02419316,rRNA Processing (GO:0006364)
rRNA Processing (GO:0006364),NHP2,-1.679244,0.02419316,rRNA Processing (GO:0006364)
rRNA Processing (GO:0006364),RPS24,-1.679244,0.02419316,rRNA Processing (GO:0006364)
rRNA Processing (GO:0006364),RPS19,-1.679244,0.02419316,rRNA Processing (GO:0006364)
rRNA Processing (GO:0006364),NAT10,-1.679244,0.02419316,rRNA Processing (GO:0006364)
Ribosome Assembly (GO:0042255),RPL10,-1.662545,0.03791105,Ribosome Assembly (GO:0042255)
Ribosome Assembly (GO:0042255),RPS27,-1.662545,0.03791105,Ribosome Assembly (GO:0042255)
Ribosome Assembly (GO:0042255),MRPL20,-1.662545,0.03791105,Ribosome Assembly (GO:0042255)
Ribosome Assembly (GO:0042255),RPL23A,-1.662545,0.03791105,Ribosome Assembly (GO:0042255)
Ribosome Assembly (GO:0042255),RPL6,-1.662545,0.03791105,Ribosome Assembly (GO:0042255)
Ribosome Assembly (GO:0042255),RPS28,-1.662545,0.03791105,Ribosome Assembly (GO:0042255)
Ribosome Assembly (GO:0042255),DHX29,-1.662545,0.03791105,Ribosome Assembly (GO:0042255)
Ribosome Assembly (GO:0042255),EIF2S1,-1.662545,0.03791105,Ribosome Assembly (GO:0042255)
Ribosome Assembly (GO:0042255),RPLP0,-1.662545,0.03791105,Ribosome Assembly (GO:0042255)
Ribosome Assembly (GO:0042255),RPS14,-1.662545,0.03791105,Ribosome Assembly (GO:0042255)
Ribosome Assembly (GO:0042255),MDN1,-1.662545,0.03791105,Ribosome Assembly (GO:0042255)
Ribosome Assembly (GO:0042255),RPL5,-1.662545,0.03791105,Ribosome Assembly (GO:0042255)
Ribosome Assembly (GO:0042255),RPF2,-1.662545,0.03791105,Ribosome Assembly (GO:0042255)
Ribosome Assembly (GO:0042255),MTERF3,-1.662545,0.03791105,Ribosome Assembly (GO:0042255)
Ribosome Assembly (GO:0042255),DDX3X,-1.662545,0.03791105,Ribosome Assembly (GO:0042255)
Intracellular Iron Ion Homeostasis (GO:0006879),FTH1,-1.655911,0.04397251,Intracellular Iron Ion Homeostasis (GO:0006879)
Intracellular Iron Ion Homeostasis (GO:0006879),NDFIP1,-1.655911,0.04397251,Intracellular Iron Ion Homeostasis (GO:0006879)
Intracellular Iron Ion Homeostasis (GO:0006879),SLC11A1,-1.655911,0.04397251,Intracellular Iron Ion Homeostasis (GO:0006879)
Intracellular Iron Ion Homeostasis (GO:0006879),SOD1,-1.655911,0.04397251,Intracellular Iron Ion Homeostasis (GO:0006879)
Intracellular Iron Ion Homeostasis (GO:0006879),FTL,-1.655911,0.04397251,Intracellular Iron Ion Homeostasis (GO:0006879)
Intracellular Iron Ion Homeostasis (GO:0006879),ABCB7,-1.655911,0.04397251,Intracellular Iron Ion Homeostasis (GO:0006879)
Intracellular Iron Ion Homeostasis (GO:0006879),SLC22A17,-1.655911,0.04397251,Intracellular Iron Ion Homeostasis (GO:0006879)
Intracellular Iron Ion Homeostasis (GO:0006879),ISCU,-1.655911,0.04397251,Intracellular Iron Ion Homeostasis (GO:0006879)
Intracellular Iron Ion Homeostasis (GO:0006879),HAMP,-1.655911,0.04397251,Intracellular Iron Ion Homeostasis (GO:0006879)
Intracellular Iron Ion Homeostasis (GO:0006879),ATP6V1A,-1.655911,0.04397251,Intracellular Iron Ion Homeostasis (GO:0006879)
Mitochondrial Respiratory Chain Complex I Assembly (GO:0032981),NDUFB9,-1.652324,0.04373677,Mitochondrial Respiratory Chain Complex I Assembly (GO:0032981)
Mitochondrial Respiratory Chain Complex I Assembly (GO:0032981),NDUFS7,-1.652324,0.04373677,Mitochondrial Respiratory Chain Complex I Assembly (GO:0032981)
Mitochondrial Respiratory Chain Complex I Assembly (GO:0032981),LYRM2,-1.652324,0.04373677,Mitochondrial Respiratory Chain Complex I Assembly (GO:0032981)
Mitochondrial Respiratory Chain Complex I Assembly (GO:0032981),NDUFB11,-1.652324,0.04373677,Mitochondrial Respiratory Chain Complex I Assembly (GO:0032981)
Mitochondrial Respiratory Chain Complex I Assembly (GO:0032981),NDUFA2,-1.652324,0.04373677,Mitochondrial Respiratory Chain Complex I Assembly (GO:0032981)
Mitochondrial Respiratory Chain Complex I Assembly (GO:0032981),NDUFAF2,-1.652324,0.04373677,Mitochondrial Respiratory Chain Complex I Assembly (GO:0032981)
Mitochondrial Respiratory Chain Complex I Assembly (GO:0032981),NDUFB5,-1.652324,0.04373677,Mitochondrial Respiratory Chain Complex I Assembly (GO:0032981)
Mitochondrial Respiratory Chain Complex I Assembly (GO:0032981),COA1,-1.652324,0.04373677,Mitochondrial Respiratory Chain Complex I Assembly (GO:0032981)
Mitochondrial Respiratory Chain Complex I Assembly (GO:0032981),NDUFB10,-1.652324,0.04373677,Mitochondrial Respiratory Chain Complex I Assembly (GO:0032981)
Mitochondrial Respiratory Chain Complex I Assembly (GO:0032981),NDUFS3,-1.652324,0.04373677,Mitochondrial Respiratory Chain Complex I Assembly (GO:0032981)
Mitochondrial Respiratory Chain Complex I Assembly (GO:0032981),NDUFAF3,-1.652324,0.04373677,Mitochondrial Respiratory Chain Complex I Assembly (GO:0032981)
Mitochondrial Respiratory Chain Complex I Assembly (GO:0032981),NDUFB6,-1.652324,0.04373677,Mitochondrial Respiratory Chain Complex I Assembly (GO:0032981)
Mitochondrial Respiratory Chain Complex I Assembly (GO:0032981),NDUFA6,-1.652324,0.04373677,Mitochondrial Respiratory Chain Complex I Assembly (GO:0032981)
Mitochondrial Respiratory Chain Complex I Assembly (GO:0032981),NDUFS5,-1.652324,0.04373677,Mitochondrial Respiratory Chain Complex I Assembly (GO:0032981)
Mitochondrial Respiratory Chain Complex I Assembly (GO:0032981),NDUFB1,-1.652324,0.04373677,Mitochondrial Respiratory Chain Complex I Assembly (GO:0032981)
Mitochondrial Respiratory Chain Complex I Assembly (GO:0032981),NDUFA5,-1.652324,0.04373677,Mitochondrial Respiratory Chain Complex I Assembly (GO:0032981)
Mitochondrial Respiratory Chain Complex I Assembly (GO:0032981),NDUFAB1,-1.652324,0.04373677,Mitochondrial Respiratory Chain Complex I Assembly (GO:0032981)
Mitochondrial Respiratory Chain Complex I Assembly (GO:0032981),NDUFB3,-1.652324,0.04373677,Mitochondrial Respiratory Chain Complex I Assembly (GO:0032981)
Mitochondrial Respiratory Chain Complex I Assembly (GO:0032981),NDUFC1,-1.652324,0.04373677,Mitochondrial Respiratory Chain Complex I Assembly (GO:0032981)
Mitochondrial Respiratory Chain Complex I Assembly (GO:0032981),ECSIT,-1.652324,0.04373677,Mitochondrial Respiratory Chain Complex I Assembly (GO:0032981)
Mitochondrial Respiratory Chain Complex I Assembly (GO:0032981),NDUFB7,-1.652324,0.04373677,Mitochondrial Respiratory Chain Complex I Assembly (GO:0032981)
Mitochondrial Respiratory Chain Complex I Assembly (GO:0032981),NDUFB4,-1.652324,0.04373677,Mitochondrial Respiratory Chain Complex I Assembly (GO:0032981)
Mitochondrial Respiratory Chain Complex I Assembly (GO:0032981),DMAC1,-1.652324,0.04373677,Mitochondrial Respiratory Chain Complex I Assembly (GO:0032981)
NADH Dehydrogenase Complex Assembly (GO:0010257),NDUFB9,-1.652324,0.04373677,NADH Dehydrogenase Complex Assembly (GO:0010257)
NADH Dehydrogenase Complex Assembly (GO:0010257),NDUFS7,-1.652324,0.04373677,NADH Dehydrogenase Complex Assembly (GO:0010257)
NADH Dehydrogenase Complex Assembly (GO:0010257),LYRM2,-1.652324,0.04373677,NADH Dehydrogenase Complex Assembly (GO:0010257)
NADH Dehydrogenase Complex Assembly (GO:0010257),NDUFB11,-1.652324,0.04373677,NADH Dehydrogenase Complex Assembly (GO:0010257)
NADH Dehydrogenase Complex Assembly (GO:0010257),NDUFA2,-1.652324,0.04373677,NADH Dehydrogenase Complex Assembly (GO:0010257)
NADH Dehydrogenase Complex Assembly (GO:0010257),NDUFAF2,-1.652324,0.04373677,NADH Dehydrogenase Complex Assembly (GO:0010257)
NADH Dehydrogenase Complex Assembly (GO:0010257),NDUFB5,-1.652324,0.04373677,NADH Dehydrogenase Complex Assembly (GO:0010257)
NADH Dehydrogenase Complex Assembly (GO:0010257),COA1,-1.652324,0.04373677,NADH Dehydrogenase Complex Assembly (GO:0010257)
NADH Dehydrogenase Complex Assembly (GO:0010257),NDUFB10,-1.652324,0.04373677,NADH Dehydrogenase Complex Assembly (GO:0010257)
NADH Dehydrogenase Complex Assembly (GO:0010257),NDUFS3,-1.652324,0.04373677,NADH Dehydrogenase Complex Assembly (GO:0010257)
NADH Dehydrogenase Complex Assembly (GO:0010257),NDUFAF3,-1.652324,0.04373677,NADH Dehydrogenase Complex Assembly (GO:0010257)
NADH Dehydrogenase Complex Assembly (GO:0010257),NDUFB6,-1.652324,0.04373677,NADH Dehydrogenase Complex Assembly (GO:0010257)
NADH Dehydrogenase Complex Assembly (GO:0010257),NDUFA6,-1.652324,0.04373677,NADH Dehydrogenase Complex Assembly (GO:0010257)
NADH Dehydrogenase Complex Assembly (GO:0010257),NDUFS5,-1.652324,0.04373677,NADH Dehydrogenase Complex Assembly (GO:0010257)
NADH Dehydrogenase Complex Assembly (GO:0010257),NDUFB1,-1.652324,0.04373677,NADH Dehydrogenase Complex Assembly (GO:0010257)
NADH Dehydrogenase Complex Assembly (GO:0010257),NDUFA5,-1.652324,0.04373677,NADH Dehydrogenase Complex Assembly (GO:0010257)
NADH Dehydrogenase Complex Assembly (GO:0010257),NDUFAB1,-1.652324,0.04373677,NADH Dehydrogenase Complex Assembly (GO:0010257)
NADH Dehydrogenase Complex Assembly (GO:0010257),NDUFB3,-1.652324,0.04373677,NADH Dehydrogenase Complex Assembly (GO:0010257)
NADH Dehydrogenase Complex Assembly (GO:0010257),NDUFC1,-1.652324,0.04373677,NADH Dehydrogenase Complex Assembly (GO:0010257)
NADH Dehydrogenase Complex Assembly (GO:0010257),ECSIT,-1.652324,0.04373677,NADH Dehydrogenase Complex Assembly (GO:0010257)
NADH Dehydrogenase Complex Assembly (GO:0010257),NDUFB7,-1.652324,0.04373677,NADH Dehydrogenase Complex Assembly (GO:0010257)
NADH Dehydrogenase Complex Assembly (GO:0010257),NDUFB4,-1.652324,0.04373677,NADH Dehydrogenase Complex Assembly (GO:0010257)
NADH Dehydrogenase Complex Assembly (GO:0010257),DMAC1,-1.652324,0.04373677,NADH Dehydrogenase Complex Assembly (GO:0010257)
Neurotransmitter Secretion (GO:0007269),SYT1,-1.650407,0.04409605,Neurotransmitter Secretion (GO:0007269)
Neurotransmitter Secretion (GO:0007269),RIMS2,-1.650407,0.04409605,Neurotransmitter Secretion (GO:0007269)
Neurotransmitter Secretion (GO:0007269),SNAP25,-1.650407,0.04409605,Neurotransmitter Secretion (GO:0007269)
Neurotransmitter Secretion (GO:0007269),RIMS1,-1.650407,0.04409605,Neurotransmitter Secretion (GO:0007269)
Neurotransmitter Secretion (GO:0007269),SYN3,-1.650407,0.04409605,Neurotransmitter Secretion (GO:0007269)
Neurotransmitter Secretion (GO:0007269),NRXN1,-1.650407,0.04409605,Neurotransmitter Secretion (GO:0007269)
Neurotransmitter Secretion (GO:0007269),RPH3A,-1.650407,0.04409605,Neurotransmitter Secretion (GO:0007269)
Neurotransmitter Secretion (GO:0007269),CPLX2,-1.650407,0.04409605,Neurotransmitter Secretion (GO:0007269)
Neurotransmitter Secretion (GO:0007269),STX1A,-1.650407,0.04409605,Neurotransmitter Secretion (GO:0007269)
Neurotransmitter Secretion (GO:0007269),RAB3A,-1.650407,0.04409605,Neurotransmitter Secretion (GO:0007269)
Neurotransmitter Secretion (GO:0007269),SNPH,-1.650407,0.04409605,Neurotransmitter Secretion (GO:0007269)
Neurotransmitter Secretion (GO:0007269),UNC13A,-1.650407,0.04409605,Neurotransmitter Secretion (GO:0007269)
Neurotransmitter Secretion (GO:0007269),PTPRN2,-1.650407,0.04409605,Neurotransmitter Secretion (GO:0007269)
Neurotransmitter Secretion (GO:0007269),LIN7A,-1.650407,0.04409605,Neurotransmitter Secretion (GO:0007269)
Neurotransmitter Secretion (GO:0007269),CPLX1,-1.650407,0.04409605,Neurotransmitter Secretion (GO:0007269)
Neurotransmitter Secretion (GO:0007269),SYN2,-1.650407,0.04409605,Neurotransmitter Secretion (GO:0007269)
Monoatomic Cation Transmembrane Transport (GO:0098655),SLC11A1,-1.646404,0.04711039,Monoatomic Cation Transmembrane Transport (GO:0098655)
Monoatomic Cation Transmembrane Transport (GO:0098655),ATP1B1,-1.646404,0.04711039,Monoatomic Cation Transmembrane Transport (GO:0098655)
Monoatomic Cation Transmembrane Transport (GO:0098655),SCN2A,-1.646404,0.04711039,Monoatomic Cation Transmembrane Transport (GO:0098655)
Monoatomic Cation Transmembrane Transport (GO:0098655),ATP1A1,-1.646404,0.04711039,Monoatomic Cation Transmembrane Transport (GO:0098655)
Monoatomic Cation Transmembrane Transport (GO:0098655),KCND2,-1.646404,0.04711039,Monoatomic Cation Transmembrane Transport (GO:0098655)
Monoatomic Cation Transmembrane Transport (GO:0098655),SLC6A7,-1.646404,0.04711039,Monoatomic Cation Transmembrane Transport (GO:0098655)
Monoatomic Cation Transmembrane Transport (GO:0098655),CLU,-1.646404,0.04711039,Monoatomic Cation Transmembrane Transport (GO:0098655)
Monoatomic Cation Transmembrane Transport (GO:0098655),GRIN2B,-1.646404,0.04711039,Monoatomic Cation Transmembrane Transport (GO:0098655)
Monoatomic Cation Transmembrane Transport (GO:0098655),ATP6V0B,-1.646404,0.04711039,Monoatomic Cation Transmembrane Transport (GO:0098655)
Monoatomic Cation Transmembrane Transport (GO:0098655),KCNQ5,-1.646404,0.04711039,Monoatomic Cation Transmembrane Transport (GO:0098655)
Monoatomic Cation Transmembrane Transport (GO:0098655),SCN1B,-1.646404,0.04711039,Monoatomic Cation Transmembrane Transport (GO:0098655)
Monoatomic Cation Transmembrane Transport (GO:0098655),ATP6V1F,-1.646404,0.04711039,Monoatomic Cation Transmembrane Transport (GO:0098655)
Monoatomic Cation Transmembrane Transport (GO:0098655),TRPC1,-1.646404,0.04711039,Monoatomic Cation Transmembrane Transport (GO:0098655)
Monoatomic Cation Transmembrane Transport (GO:0098655),KCNH1,-1.646404,0.04711039,Monoatomic Cation Transmembrane Transport (GO:0098655)
Monoatomic Cation Transmembrane Transport (GO:0098655),ATP5F1B,-1.646404,0.04711039,Monoatomic Cation Transmembrane Transport (GO:0098655)
Monoatomic Cation Transmembrane Transport (GO:0098655),ATP6AP2,-1.646404,0.04711039,Monoatomic Cation Transmembrane Transport (GO:0098655)
Monoatomic Cation Transmembrane Transport (GO:0098655),ATP2A2,-1.646404,0.04711039,Monoatomic Cation Transmembrane Transport (GO:0098655)
Monoatomic Cation Transmembrane Transport (GO:0098655),TRPM3,-1.646404,0.04711039,Monoatomic Cation Transmembrane Transport (GO:0098655)
Monoatomic Cation Transmembrane Transport (GO:0098655),HCN1,-1.646404,0.04711039,Monoatomic Cation Transmembrane Transport (GO:0098655)
Monoatomic Cation Transmembrane Transport (GO:0098655),ASIC2,-1.646404,0.04711039,Monoatomic Cation Transmembrane Transport (GO:0098655)
Monoatomic Cation Transmembrane Transport (GO:0098655),ATP6V1A,-1.646404,0.04711039,Monoatomic Cation Transmembrane Transport (GO:0098655)
Monoatomic Cation Transmembrane Transport (GO:0098655),KCNB1,-1.646404,0.04711039,Monoatomic Cation Transmembrane Transport (GO:0098655)
Monoatomic Cation Transmembrane Transport (GO:0098655),TRPM2,-1.646404,0.04711039,Monoatomic Cation Transmembrane Transport (GO:0098655)
Monoatomic Cation Transmembrane Transport (GO:0098655),SLC39A1,-1.646404,0.04711039,Monoatomic Cation Transmembrane Transport (GO:0098655)
Monoatomic Cation Transmembrane Transport (GO:0098655),KCNQ3,-1.646404,0.04711039,Monoatomic Cation Transmembrane Transport (GO:0098655)
Monoatomic Cation Transmembrane Transport (GO:0098655),SLC39A10,-1.646404,0.04711039,Monoatomic Cation Transmembrane Transport (GO:0098655)
Monoatomic Cation Transmembrane Transport (GO:0098655),SCN2B,-1.646404,0.04711039,Monoatomic Cation Transmembrane Transport (GO:0098655)
Monoatomic Cation Transmembrane Transport (GO:0098655),ATP2B4,-1.646404,0.04711039,Monoatomic Cation Transmembrane Transport (GO:0098655)
Monoatomic Cation Transmembrane Transport (GO:0098655),TRPC5,-1.646404,0.04711039,Monoatomic Cation Transmembrane Transport (GO:0098655)
Monoatomic Cation Transmembrane Transport (GO:0098655),SLC4A4,-1.646404,0.04711039,Monoatomic Cation Transmembrane Transport (GO:0098655)
Monoatomic Cation Transmembrane Transport (GO:0098655),KCNQ2,-1.646404,0.04711039,Monoatomic Cation Transmembrane Transport (GO:0098655)
Monoatomic Cation Transmembrane Transport (GO:0098655),GRIN2A,-1.646404,0.04711039,Monoatomic Cation Transmembrane Transport (GO:0098655)
Monoatomic Cation Transmembrane Transport (GO:0098655),ATP6V1B2,-1.646404,0.04711039,Monoatomic Cation Transmembrane Transport (GO:0098655)
Monoatomic Cation Transmembrane Transport (GO:0098655),KCNB2,-1.646404,0.04711039,Monoatomic Cation Transmembrane Transport (GO:0098655)
Monoatomic Cation Transmembrane Transport (GO:0098655),KCNC2,-1.646404,0.04711039,Monoatomic Cation Transmembrane Transport (GO:0098655)
Monoatomic Cation Transmembrane Transport (GO:0098655),SLC6A17,-1.646404,0.04711039,Monoatomic Cation Transmembrane Transport (GO:0098655)
Monoatomic Cation Transmembrane Transport (GO:0098655),SCN3B,-1.646404,0.04711039,Monoatomic Cation Transmembrane Transport (GO:0098655)
Monoatomic Cation Transmembrane Transport (GO:0098655),HVCN1,-1.646404,0.04711039,Monoatomic Cation Transmembrane Transport (GO:0098655)
Monoatomic Cation Transmembrane Transport (GO:0098655),ATP6V0E1,-1.646404,0.04711039,Monoatomic Cation Transmembrane Transport (GO:0098655)
Monoatomic Cation Transmembrane Transport (GO:0098655),SLC6A1,-1.646404,0.04711039,Monoatomic Cation Transmembrane Transport (GO:0098655)
Monoatomic Cation Transmembrane Transport (GO:0098655),KCNA1,-1.646404,0.04711039,Monoatomic Cation Transmembrane Transport (GO:0098655)
Monoatomic Cation Transmembrane Transport (GO:0098655),ATP6V0D1,-1.646404,0.04711039,Monoatomic Cation Transmembrane Transport (GO:0098655)
Monoatomic Cation Transmembrane Transport (GO:0098655),SLC9A9,-1.646404,0.04711039,Monoatomic Cation Transmembrane Transport (GO:0098655)
Monoatomic Cation Transmembrane Transport (GO:0098655),KCNN1,-1.646404,0.04711039,Monoatomic Cation Transmembrane Transport (GO:0098655)
Monoatomic Cation Transmembrane Transport (GO:0098655),KCNK10,-1.646404,0.04711039,Monoatomic Cation Transmembrane Transport (GO:0098655)
Monoatomic Cation Transmembrane Transport (GO:0098655),ATP6V0A1,-1.646404,0.04711039,Monoatomic Cation Transmembrane Transport (GO:0098655)
Monoatomic Cation Transmembrane Transport (GO:0098655),KCNN2,-1.646404,0.04711039,Monoatomic Cation Transmembrane Transport (GO:0098655)
